Workbook

Sheet Model_all_famine
A1: code | B1: country | C1: Group | D1: GDP per cap | E1: Correl | F1: Urban Population Rate (%) | G1: est_1 | H1: est_2 | I1: est_3 | J1: est_4 | K1: famine
A2: 228 | B2: United Arab Emirates | C2: 1 | D2: 84127.607 | E2: 0 | F2: 78.386933 | G2: =IF(E2=1,IF(D2>$N$6,0,IF(F2>=$N$7,0,1)),0) -> 0 | H2: =IF(D2>$R$6,0,IF(F2>=$R$7,0,1)) -> 0 | I2: =IF(E2=1,IF(D2<$V$6,1,0),0) -> 0 | J2: =IF(E2=1,IF(F2<$Z$7,1,0),0) -> 0 | K2: 0 | M2: GDP, Correl, Urban | O2: Model | Q2: GDP, Urban | S2: Model | U2: GDP, Correl | W2: Model | Y2: Correl, Urban | AA2: Model
A3: 210 | B3: Switzerland | C3: 1 | D3: 30299.48 | E3: 0 | F3: 59.261 | G3: =IF(E3=1,IF(D3>$N$6,0,IF(F3>=$N$7,0,1)),0) -> 0 | H3: =IF(D3>$R$6,0,IF(F3>=$R$7,0,1)) -> 0 | I3: =IF(E3=1,IF(D3<$V$6,1,0),0) -> 0 | J3: =IF(E3=1,IF(F3<$Z$7,1,0),0) -> 0 | K3: 0 | O3: o | P3: x | S3: o | T3: x | W3: o | X3: x | AA3: o | AB3: x
A4: 164 | B4: Norway | C4: 1 | D4: 29664.01 | E4: 0 | F4: 66.0246 | G4: =IF(E4=1,IF(D4>$N$6,0,IF(F4>=$N$7,0,1)),0) -> 0 | H4: =IF(D4>$R$6,0,IF(F4>=$R$7,0,1)) -> 0 | I4: =IF(E4=1,IF(D4<$V$6,1,0),0) -> 0 | J4: =IF(E4=1,IF(F4<$Z$7,1,0),0) -> 0 | K4: 0 | M4: Actual | N4: o | O4: =COUNTIFS(G2:G124,"=1",K2:K124,"=1") -> 12 | P4: =COUNTIFS(G2:G124,"=0",K2:K124,"=1") -> 7 | Q4: Actual | R4: o | S4: =COUNTIFS(H2:H124,"=1",K2:K124,"=1") -> 17 | T4: =COUNTIFS(H2:H124,"=0",K2:K124,"=1") -> 2 | U4: Actual | V4: o | W4: =COUNTIFS(I2:I124,"=1",K2:K124,"=1") -> 12 | X4: =COUNTIFS(I2:I124,"=0",K2:K124,"=1") -> 7 | Y4: Actual | Z4: o | AA4: =COUNTIFS(J2:J124,"=1",K2:K124,"=1") -> 12 | AB4: =COUNTIFS(J2:J124,"=0",K2:K124,"=1") -> 7
A5: 118 | B5: Kuwait | C5: 1 | D5: 26520.202 | E5: 0 | F5: 89.2906 | G5: =IF(E5=1,IF(D5>$N$6,0,IF(F5>=$N$7,0,1)),0) -> 0 | H5: =IF(D5>$R$6,0,IF(F5>=$R$7,0,1)) -> 0 | I5: =IF(E5=1,IF(D5<$V$6,1,0),0) -> 0 | J5: =IF(E5=1,IF(F5<$Z$7,1,0),0) -> 0 | K5: 0 | N5: x | O5: =COUNTIFS(G2:G124,"=1",K2:K124,"=0") -> 6 | P5: =COUNTIFS(G2:G124,"=0",K2:K124,"=0") -> 98 | R5: x | S5: =COUNTIFS(H2:H124,"=1",K2:K124,"=0") -> 24 | T5: =COUNTIFS(H2:H124,"=0",K2:K124,"=0") -> 80 | V5: x | W5: =COUNTIFS(I2:I124,"=1",K2:K124,"=0") -> 18 | X5: =COUNTIFS(I2:I124,"=0",K2:K124,"=0") -> 86 | Z5: x | AA5: =COUNTIFS(J2:J124,"=1",K2:K124,"=0") -> 6 | AB5: =COUNTIFS(J2:J124,"=0",K2:K124,"=0") -> 98
A6: 58 | B6: Czech Republic | C6: 1 | D6: 25000 | E6: 0 | F6: 69.303033 | G6: =IF(E6=1,IF(D6>$N$6,0,IF(F6>=$N$7,0,1)),0) -> 0 | H6: =IF(D6>$R$6,0,IF(F6>=$R$7,0,1)) -> 0 | I6: =IF(E6=1,IF(D6<$V$6,1,0),0) -> 0 | J6: =IF(E6=1,IF(F6<$Z$7,1,0),0) -> 0 | K6: 0 | M6: GDP | N6: 10000 | O6: Sum | P6: =SUM(O4:P5) -> 123 | Q6: GDP | R6: 10000 | S6: Sum | T6: =SUM(S4:T5) -> 123 | U6: GDP | V6: 10000 | W6: Sum | X6: =SUM(W4:X5) -> 123 | Y6: GDP | Z6: 10000 | AA6: Sum | AB6: =SUM(AA4:AB5) -> 123
A7: 15 | B7: Austria | C7: 1 | D7: 22919.097 | E7: 0 | F7: 65.319 | G7: =IF(E7=1,IF(D7>$N$6,0,IF(F7>=$N$7,0,1)),0) -> 0 | H7: =IF(D7>$R$6,0,IF(F7>=$R$7,0,1)) -> 0 | I7: =IF(E7=1,IF(D7<$V$6,1,0),0) -> 0 | J7: =IF(E7=1,IF(F7<$Z$7,1,0),0) -> 0 | K7: 0 | M7: Urban Population | N7: 25 | O7: Sum_est | P7: =SUM(G2:G124) -> 18 | Q7: Urban Population | R7: 25 | S7: Sum_est | T7: =SUM(H2:H124) -> 41 | U7: Urban Population | V7: 25 | W7: Sum_est | X7: =SUM(I2:I124) -> 30 | Y7: Urban Population | Z7: 25 | AA7: Sum_est | AB7: =SUM(J2:J124) -> 18
A8: 81 | B8: Germany | C8: 1 | D8: 22853.347 | E8: 0 | F8: 72.4614 | G8: =IF(E8=1,IF(D8>$N$6,0,IF(F8>=$N$7,0,1)),0) -> 0 | H8: =IF(D8>$R$6,0,IF(F8>=$R$7,0,1)) -> 0 | I8: =IF(E8=1,IF(D8<$V$6,1,0),0) -> 0 | J8: =IF(E8=1,IF(F8<$Z$7,1,0),0) -> 0 | K8: 0 | M8: HIT | N8: =(O4+P5)/SUM(O4:P5)*100 -> 89.430894 | O8: Sum_fam | P8: =SUM(K2:K124) -> 19 | Q8: HIT | R8: =(S4+T5)/SUM(S4:T5)*100 -> 78.861789 | S8: Sum_fam | T8: =SUM(K2:K124) -> 19 | U8: HIT | V8: =(W4+X5)/SUM(W4:X5)*100 -> 79.674797 | W8: Sum_fam | X8: =SUM(K2:K124) -> 19 | Y8: HIT | Z8: =(AA4+AB5)/SUM(AA4:AB5)*100 -> 89.430894 | AA8: Sum_fam | AB8: =SUM(K2:K124) -> 19
A9: 209 | B9: Sweden | C9: 1 | D9: 22502.773 | E9: 0 | F9: 80.977167 | G9: =IF(E9=1,IF(D9>$N$6,0,IF(F9>=$N$7,0,1)),0) -> 0 | H9: =IF(D9>$R$6,0,IF(F9>=$R$7,0,1)) -> 0 | I9: =IF(E9=1,IF(D9<$V$6,1,0),0) -> 0 | J9: =IF(E9=1,IF(F9<$Z$7,1,0),0) -> 0 | K9: 0 | AA9: G3にfamineがないから
A10: 191 | B10: Saudi Arabia | C10: 1 | D10: 22209.259 | E10: 0 | F10: 57.123967 | G10: =IF(E10=1,IF(D10>$N$6,0,IF(F10>=$N$7,0,1)),0) -> 0 | H10: =IF(D10>$R$6,0,IF(F10>=$R$7,0,1)) -> 0 | I10: =IF(E10=1,IF(D10<$V$6,1,0),0) -> 0 | J10: =IF(E10=1,IF(F10<$Z$7,1,0),0) -> 0 | K10: 0
A11: 74 | B11: France | C11: 1 | D11: 21928.43 | E11: 0 | F11: 71.194933 | G11: =IF(E11=1,IF(D11>$N$6,0,IF(F11>=$N$7,0,1)),0) -> 0 | H11: =IF(D11>$R$6,0,IF(F11>=$R$7,0,1)) -> 0 | I11: =IF(E11=1,IF(D11<$V$6,1,0),0) -> 0 | J11: =IF(E11=1,IF(F11<$Z$7,1,0),0) -> 0 | K11: 0
A12: 110 | B12: Japan | C12: 1 | D12: 21875.4 | E12: 0 | F12: 73.343033 | G12: =IF(E12=1,IF(D12>$N$6,0,IF(F12>=$N$7,0,1)),0) -> 0 | H12: =IF(D12>$R$6,0,IF(F12>=$R$7,0,1)) -> 0 | I12: =IF(E12=1,IF(D12<$V$6,1,0),0) -> 0 | J12: =IF(E12=1,IF(F12<$Z$7,1,0),0) -> 0 | K12: 0
A13: 73 | B13: Finland | C13: 1 | D13: 20449.505 | E13: 0 | F13: 68.077367 | G13: =IF(E13=1,IF(D13>$N$6,0,IF(F13>=$N$7,0,1)),0) -> 0 | H13: =IF(D13>$R$6,0,IF(F13>=$R$7,0,1)) -> 0 | I13: =IF(E13=1,IF(D13<$V$6,1,0),0) -> 0 | J13: =IF(E13=1,IF(F13<$Z$7,1,0),0) -> 0 | K13: 0
A14: 157 | B14: New Zealand | C14: 1 | D14: 18754.859 | E14: 0 | F14: 81.852733 | G14: =IF(E14=1,IF(D14>$N$6,0,IF(F14>=$N$7,0,1)),0) -> 0 | H14: =IF(D14>$R$6,0,IF(F14>=$R$7,0,1)) -> 0 | I14: =IF(E14=1,IF(D14<$V$6,1,0),0) -> 0 | J14: =IF(E14=1,IF(F14<$Z$7,1,0),0) -> 0 | K14: 0
A15: 203 | B15: Spain | C15: 1 | D15: 16883.632 | E15: 0 | F15: 68.6209 | G15: =IF(E15=1,IF(D15>$N$6,0,IF(F15>=$N$7,0,1)),0) -> 0 | H15: =IF(D15>$R$6,0,IF(F15>=$R$7,0,1)) -> 0 | I15: =IF(E15=1,IF(D15<$V$6,1,0),0) -> 0 | J15: =IF(E15=1,IF(F15<$Z$7,1,0),0) -> 0 | K15: 0
A16: 84 | B16: Greece | C16: 1 | D16: 16659.472 | E16: 0 | F16: 53.9962 | G16: =IF(E16=1,IF(D16>$N$6,0,IF(F16>=$N$7,0,1)),0) -> 0 | H16: =IF(D16>$R$6,0,IF(F16>=$R$7,0,1)) -> 0 | I16: =IF(E16=1,IF(D16<$V$6,1,0),0) -> 0 | J16: =IF(E16=1,IF(F16<$Z$7,1,0),0) -> 0 | K16: 0
A17: 107 | B17: Israel | C17: 1 | D17: 16454.964 | E17: 0 | F17: 85.857267 | G17: =IF(E17=1,IF(D17>$N$6,0,IF(F17>=$N$7,0,1)),0) -> 0 | H17: =IF(D17>$R$6,0,IF(F17>=$R$7,0,1)) -> 0 | I17: =IF(E17=1,IF(D17<$V$6,1,0),0) -> 0 | J17: =IF(E17=1,IF(F17<$Z$7,1,0),0) -> 0 | K17: 0
A18: 78 | B18: Gabon | C18: 1 | D18: 15656.96 | E18: 0 | F18: 44.045833 | G18: =IF(E18=1,IF(D18>$N$6,0,IF(F18>=$N$7,0,1)),0) -> 0 | H18: =IF(D18>$R$6,0,IF(F18>=$R$7,0,1)) -> 0 | I18: =IF(E18=1,IF(D18<$V$6,1,0),0) -> 0 | J18: =IF(E18=1,IF(F18<$Z$7,1,0),0) -> 0 | K18: 0
A19: 105 | B19: Ireland | C19: 1 | D19: 14370.902 | E19: 0 | F19: 53.024233 | G19: =IF(E19=1,IF(D19>$N$6,0,IF(F19>=$N$7,0,1)),0) -> 0 | H19: =IF(D19>$R$6,0,IF(F19>=$R$7,0,1)) -> 0 | I19: =IF(E19=1,IF(D19<$V$6,1,0),0) -> 0 | J19: =IF(E19=1,IF(F19<$Z$7,1,0),0) -> 0 | K19: 0
A20: 176 | B20: Portugal | C20: 1 | D20: 13353.044 | E20: 0 | F20: 41.2105 | G20: =IF(E20=1,IF(D20>$N$6,0,IF(F20>=$N$7,0,1)),0) -> 0 | H20: =IF(D20>$R$6,0,IF(F20>=$R$7,0,1)) -> 0 | I20: =IF(E20=1,IF(D20<$V$6,1,0),0) -> 0 | J20: =IF(E20=1,IF(F20<$Z$7,1,0),0) -> 0 | K20: 0
A21: 125 | B21: Libyan Arab Jamahiriya | C21: 1 | D21: 13000 | E21: 0 | F21: 58.004833 | G21: =IF(E21=1,IF(D21>$N$6,0,IF(F21>=$N$7,0,1)),0) -> 0 | H21: =IF(D21>$R$6,0,IF(F21>=$R$7,0,1)) -> 0 | I21: =IF(E21=1,IF(D21<$V$6,1,0),0) -> 0 | J21: =IF(E21=1,IF(F21<$Z$7,1,0),0) -> 0 | K21: 0
... A124: 243 | B124: Zimbabwe | C124: 4 | D124: 400 | E124: 1 | F124: 20.346 | G124: =IF(E124=1,IF(D124>$N$6,0,IF(F124>=$N$7,0,1)),0) -> 1 | H124: =IF(D124>$R$6,0,IF(F124>=$R$7,0,1)) -> 1 | I124: =IF(E124=1,IF(D124<$V$6,1,0),0) -> 1 | J124: =IF(E124=1,IF(F124<$Z$7,1,0),0) -> 1 | K124: 1
A125: 12 | B125: Armenia | E125: 1 | F125: 62.199933
A126: 16 | B126: Azerbaijan | E126: 1 | F126: 52.109767
A127: 18 | B127: Bahrain | E127: 1 | F127: 85.053
A128: 21 | B128: Belarus | E128: 1 | F128: 50.605167
A129: 28 | B129: Bosnia And Herzegovina | E129: 1 | F129: 30.9339
A130: 51 | B130: Congo, The Democratic Republic Of The | E130: 1 | F130: 28.0273 | K130: 1
A131: 54 | B131: Cote D'Ivoire | E131: 1 | F131: 31.718267
A132: 55 | B132: Croatia | E132: 1 | F132: 44.522667
A133: 57 | B133: Cyprus | E133: 1 | F133: 50.639133
A134: 67 | B134: Eritrea | E134: 1 | F134: 13.4004 | K134: 1
A135: 68 | B135: Estonia | E135: 1 | F135: 66.675333
A136: 80 | B136: Georgia | E136: 1 | F136: 50.137567
A137: 98 | B137: Hong Kong | E137: 1
A138: 113 | B138: Kazakhstan | E138: 1 | F138: 51.9063
A139: 119 | B139: Kyrgyzstan | E139: 1 | F139: 37.474267
A140: 120 | B140: Lao People'S Democratic Republic | E140: 1 | F140: 11.2751
A141: 121 | B141: Latvia | E141: 1 | F141: 63.3423
A142: 127 | B142: Lithuania | E142: 1 | F142: 55.369967
A143: 130 | B143: Macedonia, The Former Yugoslav Republic Of | E143: 1 | F143: 49.241567
A144: 140 | B144: Mauritius | E144: 1 | F144: 41.1268
A145: 144 | B145: Moldova, Republic Of | E145: 1 | F145: 36.307633
A146: 165 | B146: Oman | E146: 1 | F146: 40.1797
A147: 168 | B147: Palestinian Territory, Occupied | E147: 1
A148: 178 | B148: Qatar | E148: 1 | F148: 88.959233
A149: 196 | B149: Singapore | E149: 1 | F149: 100
A150: 197 | B150: Slovakia | E150: 1 | F150: 46.241867
A151: 198 | B151: Slovenia | E151: 1 | F151: 41.834933
A152: 213 | B152: Tajikistan | E152: 1 | F152: 34.558333
A153: 216 | B153: Timor-Leste | E153: 1 | F153: 15.069933
A154: 223 | B154: Turkmenistan | E154: 1 | F154: 46.856633
A155: 227 | B155: Ukraine | E155: 1 | F155: 58.169
A156: 233 | B156: Uzbekistan | E156: 1 | F156: 38.3814

Sheet Model_drought_induced_famine
A1: code | B1: country | C1: Group | D1: GDP per cap | E1: Correl | F1: Urban Population Rate (%) | G1: est_1 | H1: est_2 | I1: est_3 | J1: est_4 | K1: famine | M1: est_1 | Q1: est_2 | U1: est_3 | Y1: est_4
A2: 228 | B2: United Arab Emirates | C2: 1 | D2: 84127.607 | E2: 0 | F2: 78.386933 | G2: =IF(E2=1,IF(D2>$N$6,0,IF(F2>=$N$7,0,1)),0) -> 0 | H2: =IF(D2>$R$6,0,IF(F2>=$R$7,0,1)) -> 0 | I2: =IF(E2=1,IF(D2<$V$6,1,0),0) -> 0 | J2: =IF(E2=1,IF(F2<$Z$7,1,0),0) -> 0 | K2: 0 | M2: GDP, Correl, Urban | O2: Model | Q2: GDP, Urban | S2: Model | U2: GDP, Correl | W2: Model | Y2: Correl, Urban | AA2: Model
A3: 210 | B3: Switzerland | C3: 1 | D3: 30299.48 | E3: 0 | F3: 59.261 | G3: =IF(E3=1,IF(D3>$N$6,0,IF(F3>=$N$7,0,1)),0) -> 0 | H3: =IF(D3>$R$6,0,IF(F3>=$R$7,0,1)) -> 0 | I3: =IF(E3=1,IF(D3<$V$6,1,0),0) -> 0 | J3: =IF(E3=1,IF(F3<$Z$7,1,0),0) -> 0 | K3: 0 | O3: o | P3: x | S3: o | T3: x | W3: o | X3: x | AA3: o | AB3: x
A4: 164 | B4: Norway | C4: 1 | D4: 29664.01 | E4: 0 | F4: 66.0246 | G4: =IF(E4=1,IF(D4>$N$6,0,IF(F4>=$N$7,0,1)),0) -> 0 | H4: =IF(D4>$R$6,0,IF(F4>=$R$7,0,1)) -> 0 | I4: =IF(E4=1,IF(D4<$V$6,1,0),0) -> 0 | J4: =IF(E4=1,IF(F4<$Z$7,1,0),0) -> 0 | K4: 0 | M4: Actual | N4: o | O4: =COUNTIFS(G2:G124,"=1",K2:K124,"=1") -> 12 | P4: =COUNTIFS(G2:G124,"=0",K2:K124,"=1") -> 3 | Q4: Actual | R4: o | S4: =COUNTIFS(H2:H124,"=1",K2:K124,"=1") -> 15 | T4: =COUNTIFS(H2:H124,"=0",K2:K124,"=1") -> 0 | U4: Actual | V4: o | W4: =COUNTIFS(I2:I124,"=1",K2:K124,"=1") -> 12 | X4: =COUNTIFS(I2:I124,"=0",K2:K124,"=1") -> 3 | Y4: Actual | Z4: o | AA4: =COUNTIFS(J2:J124,"=1",K2:K124,"=1") -> 12 | AB4: =COUNTIFS(J2:J124,"=0",K2:K124,"=1") -> 3
A5: 118 | B5: Kuwait | C5: 1 | D5: 26520.202 | E5: 0 | F5: 89.2906 | G5: =IF(E5=1,IF(D5>$N$6,0,IF(F5>=$N$7,0,1)),0) -> 0 | H5: =IF(D5>$R$6,0,IF(F5>=$R$7,0,1)) -> 0 | I5: =IF(E5=1,IF(D5<$V$6,1,0),0) -> 0 | J5: =IF(E5=1,IF(F5<$Z$7,1,0),0) -> 0 | K5: 0 | N5: x | O5: =COUNTIFS(G2:G124,"=1",K2:K124,"=0") -> 5 | P5: =COUNTIFS(G2:G124,"=0",K2:K124,"=0") -> 102 | R5: x | S5: =COUNTIFS(H2:H124,"=1",K2:K124,"=0") -> 26 | T5: =COUNTIFS(H2:H124,"=0",K2:K124,"=0") -> 82 | V5: x | W5: =COUNTIFS(I2:I124,"=1",K2:K124,"=0") -> 18 | X5: =COUNTIFS(I2:I124,"=0",K2:K124,"=0") -> 90 | Z5: x | AA5: =COUNTIFS(J2:J124,"=1",K2:K124,"=0") -> 6 | AB5: =COUNTIFS(J2:J124,"=0",K2:K124,"=0") -> 102
A6: 58 | B6: Czech Republic | C6: 1 | D6: 25000 | E6: 0 | F6: 69.303033 | G6: =IF(E6=1,IF(D6>$N$6,0,IF(F6>=$N$7,0,1)),0) -> 0 | H6: =IF(D6>$R$6,0,IF(F6>=$R$7,0,1)) -> 0 | I6: =IF(E6=1,IF(D6<$V$6,1,0),0) -> 0 | J6: =IF(E6=1,IF(F6<$Z$7,1,0),0) -> 0 | K6: 0 | M6: GDP | N6: 10000 | O6: Sum | P6: =SUM(O4:P5) -> 122 | Q6: GDP | R6: 10000 | S6: Sum | T6: =SUM(S4:T5) -> 123 | U6: GDP | V6: 10000 | W6: Sum | X6: =SUM(W4:X5) -> 123 | Y6: GDP | Z6: 10000 | AA6: Sum | AB6: =SUM(AA4:AB5) -> 123
A7: 15 | B7: Austria | C7: 1 | D7: 22919.097 | E7: 0 | F7: 65.319 | G7: =IF(E7=1,IF(D7>$N$6,0,IF(F7>=$N$7,0,1)),0) -> 0 | H7: =IF(D7>$R$6,0,IF(F7>=$R$7,0,1)) -> 0 | I7: =IF(E7=1,IF(D7<$V$6,1,0),0) -> 0 | J7: =IF(E7=1,IF(F7<$Z$7,1,0),0) -> 0 | K7: 0 | M7: Urban Population | N7: 25 | O7: Sum_est | P7: =SUM(G2:G124) -> 17 | Q7: Urban Population | R7: 25 | S7: Sum_est | T7: =SUM(H2:H124) -> 41 | U7: Urban Population | V7: 25 | W7: Sum_est | X7: =SUM(I2:I124) -> 30 | Y7: Urban Population | Z7: 25 | AA7: Sum_est | AB7: =SUM(N2:N124) -> 10118.443
A8: 81 | B8: Germany | C8: 1 | D8: 22853.347 | E8: 0 | F8: 72.4614 | G8: =IF(E8=1,IF(D8>$N$6,0,IF(F8>=$N$7,0,1)),0) -> 0 | H8: =IF(D8>$R$6,0,IF(F8>=$R$7,0,1)) -> 0 | I8: =IF(E8=1,IF(D8<$V$6,1,0),0) -> 0 | J8: =IF(E8=1,IF(F8<$Z$7,1,0),0) -> 0 | K8: 0 | M8: HIT | N8: =(O4+P5)/SUM(O4:P5)*100 -> 93.442623 | O8: Sum_fam | P8: =SUM(K2:K124) -> 15 | Q8: HIT | R8: =(S4+T5)/SUM(S4:T5)*100 -> 78.861789 | S8: Sum_fam | T8: =SUM(K2:K124) -> 15 | U8: HIT | V8: =(W4+X5)/SUM(W4:X5)*100 -> 82.926829 | W8: Sum_fam | X8: =SUM(K2:K124) -> 15 | Y8: HIT | Z8: =(AA4+AB5)/SUM(AA4:AB5)*100 -> 92.682927 | AA8: Sum_fam | AB8: =SUM(O2:O124) -> 17
A9: 209 | B9: Sweden | C9: 1 | D9: 22502.773 | E9: 0 | F9: 80.977167 | G9: =IF(E9=1,IF(D9>$N$6,0,IF(F9>=$N$7,0,1)),0) -> 0 | H9: =IF(D9>$R$6,0,IF(F9>=$R$7,0,1)) -> 0 | I9: =IF(E9=1,IF(D9<$V$6,1,0),0) -> 0 | J9: =IF(E9=1,IF(F9<$Z$7,1,0),0) -> 0 | K9: 0
A10: 191 | B10: Saudi Arabia | C10: 1 | D10: 22209.259 | E10: 0 | F10: 57.123967 | G10: =IF(E10=1,IF(D10>$N$6,0,IF(F10>=$N$7,0,1)),0) -> 0 | H10: =IF(D10>$R$6,0,IF(F10>=$R$7,0,1)) -> 0 | I10: =IF(E10=1,IF(D10<$V$6,1,0),0) -> 0 | J10: =IF(E10=1,IF(F10<$Z$7,1,0),0) -> 0 | K10: 0
A11: 74 | B11: France | C11: 1 | D11: 21928.43 | E11: 0 | F11: 71.194933 | G11: =IF(E11=1,IF(D11>$N$6,0,IF(F11>=$N$7,0,1)),0) -> 0 | H11: =IF(D11>$R$6,0,IF(F11>=$R$7,0,1)) -> 0 | I11: =IF(E11=1,IF(D11<$V$6,1,0),0) -> 0 | J11: =IF(E11=1,IF(F11<$Z$7,1,0),0) -> 0 | K11: 0
A12: 110 | B12: Japan | C12: 1 | D12: 21875.4 | E12: 0 | F12: 73.343033 | G12: =IF(E12=1,IF(D12>$N$6,0,IF(F12>=$N$7,0,1)),0) -> 0 | H12: =IF(D12>$R$6,0,IF(F12>=$R$7,0,1)) -> 0 | I12: =IF(E12=1,IF(D12<$V$6,1,0),0) -> 0 | J12: =IF(E12=1,IF(F12<$Z$7,1,0),0) -> 0 | K12: 0
A13: 73 | B13: Finland | C13: 1 | D13: 20449.505 | E13: 0 | F13: 68.077367 | G13: =IF(E13=1,IF(D13>$N$6,0,IF(F13>=$N$7,0,1)),0) -> 0 | H13: =IF(D13>$R$6,0,IF(F13>=$R$7,0,1)) -> 0 | I13: =IF(E13=1,IF(D13<$V$6,1,0),0) -> 0 | J13: =IF(E13=1,IF(F13<$Z$7,1,0),0) -> 0 | K13: 0
A14: 157 | B14: New Zealand | C14: 1 | D14: 18754.859 | E14: 0 | F14: 81.852733 | G14: =IF(E14=1,IF(D14>$N$6,0,IF(F14>=$N$7,0,1)),0) -> 0 | H14: =IF(D14>$R$6,0,IF(F14>=$R$7,0,1)) -> 0 | I14: =IF(E14=1,IF(D14<$V$6,1,0),0) -> 0 | J14: =IF(E14=1,IF(F14<$Z$7,1,0),0) -> 0 | K14: 0
A15: 203 | B15: Spain | C15: 1 | D15: 16883.632 | E15: 0 | F15: 68.6209 | G15: =IF(E15=1,IF(D15>$N$6,0,IF(F15>=$N$7,0,1)),0) -> 0 | H15: =IF(D15>$R$6,0,IF(F15>=$R$7,0,1)) -> 0 | I15: =IF(E15=1,IF(D15<$V$6,1,0),0) -> 0 | J15: =IF(E15=1,IF(F15<$Z$7,1,0),0) -> 0 | K15: 0
A16: 84 | B16: Greece | C16: 1 | D16: 16659.472 | E16: 0 | F16: 53.9962 | G16: =IF(E16=1,IF(D16>$N$6,0,IF(F16>=$N$7,0,1)),0) -> 0 | H16: =IF(D16>$R$6,0,IF(F16>=$R$7,0,1)) -> 0 | I16: =IF(E16=1,IF(D16<$V$6,1,0),0) -> 0 | J16: =IF(E16=1,IF(F16<$Z$7,1,0),0) -> 0 | K16: 0
A17: 107 | B17: Israel | C17: 1 | D17: 16454.964 | E17: 0 | F17: 85.857267 | G17: =IF(E17=1,IF(D17>$N$6,0,IF(F17>=$N$7,0,1)),0) -> 0 | H17: =IF(D17>$R$6,0,IF(F17>=$R$7,0,1)) -> 0 | I17: =IF(E17=1,IF(D17<$V$6,1,0),0) -> 0 | J17: =IF(E17=1,IF(F17<$Z$7,1,0),0) -> 0 | K17: 0
A18: 78 | B18: Gabon | C18: 1 | D18: 15656.96 | E18: 0 | F18: 44.045833 | G18: =IF(E18=1,IF(D18>$N$6,0,IF(F18>=$N$7,0,1)),0) -> 0 | H18: =IF(D18>$R$6,0,IF(F18>=$R$7,0,1)) -> 0 | I18: =IF(E18=1,IF(D18<$V$6,1,0),0) -> 0 | J18: =IF(E18=1,IF(F18<$Z$7,1,0),0) -> 0 | K18: 0
A19: 105 | B19: Ireland | C19: 1 | D19: 14370.902 | E19: 0 | F19: 53.024233 | G19: =IF(E19=1,IF(D19>$N$6,0,IF(F19>=$N$7,0,1)),0) -> 0 | H19: =IF(D19>$R$6,0,IF(F19>=$R$7,0,1)) -> 0 | I19: =IF(E19=1,IF(D19<$V$6,1,0),0) -> 0 | J19: =IF(E19=1,IF(F19<$Z$7,1,0),0) -> 0 | K19: 0
A20: 176 | B20: Portugal | C20: 1 | D20: 13353.044 | E20: 0 | F20: 41.2105 | G20: =IF(E20=1,IF(D20>$N$6,0,IF(F20>=$N$7,0,1)),0) -> 0 | H20: =IF(D20>$R$6,0,IF(F20>=$R$7,0,1)) -> 0 | I20: =IF(E20=1,IF(D20<$V$6,1,0),0) -> 0 | J20: =IF(E20=1,IF(F20<$Z$7,1,0),0) -> 0 | K20: 0
... A104: 146 | B104: Mongolia | C104: 4 | D104: 2328.6067 | E104: 1 | F104: 48.572733 | G104: =IF(E104=1,IF(D104>$N$6,0,IF(F104>=$N$7,0,1)),0) -> 0 | H104: =IF(D104>$R$6,0,IF(F104>=$R$7,0,1)) -> 0 | I104: =IF(E104=1,IF(D104<$V$6,1,0),0) -> 1 | J104: =IF(E104=1,IF(F104<$Z$7,1,0),0) -> 0 | K104: 0
A105: 102 | B105: Indonesia | C105: 4 | D105: 1627.7631 | E105: 1 | F105: 20.759133 | G105: d | H105: =IF(D105>$R$6,0,IF(F105>=$R$7,0,1)) -> 1 | I105: =IF(E105=1,IF(D105<$V$6,1,0),0) -> 1 | J105: =IF(E105=1,IF(F105<$Z$7,1,0),0) -> 1 | K105: 0
A106: 139 | B106: Mauritania | C106: 4 | D106: 1615.7271 | E106: 1 | F106: 22.3571 | G106: =IF(E106=1,IF(D106>$N$6,0,IF(F106>=$N$7,0,1)),0) -> 1 | H106: =IF(D106>$R$6,0,IF(F106>=$R$7,0,1)) -> 1 | I106: =IF(E106=1,IF(D106<$V$6,1,0),0) -> 1 | J106: =IF(E106=1,IF(F106<$Z$7,1,0),0) -> 1 | K106: 1
A107: 192 | B107: Senegal | C107: 4 | D107: 1541.2844 | E107: 1 | F107: 32.650333 | G107: =IF(E107=1,IF(D107>$N$6,0,IF(F107>=$N$7,0,1)),0) -> 0 | H107: =IF(D107>$R$6,0,IF(F107>=$R$7,0,1)) -> 0 | I107: =IF(E107=1,IF(D107<$V$6,1,0),0) -> 1 | J107: =IF(E107=1,IF(F107<$Z$7,1,0),0) -> 0 | K107: 0
A108: 242 | B108: Zambia | C108: 4 | D108: 1363.586 | E108: 1 | F108: 33.171533 | G108: =IF(E108=1,IF(D108>$N$6,0,IF(F108>=$N$7,0,1)),0) -> 0 | H108: =IF(D108>$R$6,0,IF(F108>=$R$7,0,1)) -> 0 | I108: =IF(E108=1,IF(D108<$V$6,1,0),0) -> 1 | J108: =IF(E108=1,IF(F108<$Z$7,1,0),0) -> 0 | K108: 0
A109: 114 | B109: Kenya | C109: 4 | D109: 1351.5256 | E109: 1 | F109: 12.744933 | G109: =IF(E109=1,IF(D109>$N$6,0,IF(F109>=$N$7,0,1)),0) -> 1 | H109: =IF(D109>$R$6,0,IF(F109>=$R$7,0,1)) -> 1 | I109: =IF(E109=1,IF(D109<$V$6,1,0),0) -> 1 | J109: =IF(E109=1,IF(F109<$Z$7,1,0),0) -> 1 | K109: 1
A110: 24 | B110: Benin | C110: 4 | D110: 1177.9327 | E110: 1 | F110: 22.275 | G110: =IF(E110=1,IF(D110>$N$6,0,IF(F110>=$N$7,0,1)),0) -> 1 | H110: =IF(D110>$R$6,0,IF(F110>=$R$7,0,1)) -> 1 | I110: =IF(E110=1,IF(D110<$V$6,1,0),0) -> 1 | J110: =IF(E110=1,IF(F110<$Z$7,1,0),0) -> 1 | K110: 0
A111: 101 | B111: India | C111: 4 | D111: 1063.5797 | E111: 1 | F111: 21.6368 | G111: =IF(E111=1,IF(D111>$N$6,0,IF(F111>=$N$7,0,1)),0) -> 1 | H111: =IF(D111>$R$6,0,IF(F111>=$R$7,0,1)) -> 1 | I111: =IF(E111=1,IF(D111<$V$6,1,0),0) -> 1 | J111: =IF(E111=1,IF(F111<$Z$7,1,0),0) -> 1 | K111: 1
A112: 205 | B112: Sudan | C112: 4 | D112: 1054.9745 | E112: 1 | F112: 18.866567 | G112: =IF(E112=1,IF(D112>$N$6,0,IF(F112>=$N$7,0,1)),0) -> 1 | H112: =IF(D112>$R$6,0,IF(F112>=$R$7,0,1)) -> 1 | I112: =IF(E112=1,IF(D112<$V$6,1,0),0) -> 1 | J112: =IF(E112=1,IF(F112<$Z$7,1,0),0) -> 1 | K112: 1
A113: 217 | B113: Togo | C113: 4 | D113: 943.69276 | E113: 1 | F113: 21.9291 | G113: =IF(E113=1,IF(D113>$N$6,0,IF(F113>=$N$7,0,1)),0) -> 1 | H113: =IF(D113>$R$6,0,IF(F113>=$R$7,0,1)) -> 1 | I113: =IF(E113=1,IF(D113<$V$6,1,0),0) -> 1 | J113: =IF(E113=1,IF(F113<$Z$7,1,0),0) -> 1 | K113: 0
A114: 82 | B114: Ghana | C114: 4 | D114: 856.62119 | E114: 1 | F114: 30.0554 | G114: =IF(E114=1,IF(D114>$N$6,0,IF(F114>=$N$7,0,1)),0) -> 0 | H114: =IF(D114>$R$6,0,IF(F114>=$R$7,0,1)) -> 0 | I114: =IF(E114=1,IF(D114<$V$6,1,0),0) -> 1 | J114: =IF(E114=1,IF(F114<$Z$7,1,0),0) -> 0 | K114: 0
A115: 91 | B115: Guinea | C115: 4 | D115: 849.10381 | E115: 1 | F115: 19.952067 | G115: =IF(E115=1,IF(D115>$N$6,0,IF(F115>=$N$7,0,1)),0) -> 1 | H115: =IF(D115>$R$6,0,IF(F115>=$R$7,0,1)) -> 1 | I115: =IF(E115=1,IF(D115<$V$6,1,0),0) -> 1 | J115: =IF(E115=1,IF(F115<$Z$7,1,0),0) -> 1 | K115: 0
A116: 43 | B116: Chad | C116: 4 | D116: 783.97599 | E116: 1 | F116: 14.878433 | G116: =IF(E116=1,IF(D116>$N$6,0,IF(F116>=$N$7,0,1)),0) -> 1 | H116: =IF(D116>$R$6,0,IF(F116>=$R$7,0,1)) -> 1 | I116: =IF(E116=1,IF(D116<$V$6,1,0),0) -> 1 | J116: =IF(E116=1,IF(F116<$Z$7,1,0),0) -> 1 | K116: 1
A117: 159 | B117: Niger | C117: 4 | D117: 771.11229 | E117: 1 | F117: 11.089833 | G117: =IF(E117=1,IF(D117>$N$6,0,IF(F117>=$N$7,0,1)),0) -> 1 | H117: =IF(D117>$R$6,0,IF(F117>=$R$7,0,1)) -> 1 | I117: =IF(E117=1,IF(D117<$V$6,1,0),0) -> 1 | J117: =IF(E117=1,IF(F117<$Z$7,1,0),0) -> 1 | K117: 1
... A124: 243 | B124: Zimbabwe | C124: 4 | D124: 400 | E124: 1 | F124: 20.346 | G124: =IF(E124=1,IF(D124>$N$6,0,IF(F124>=$N$7,0,1)),0) -> 1 | H124: =IF(D124>$R$6,0,IF(F124>=$R$7,0,1)) -> 1 | I124: =IF(E124=1,IF(D124<$V$6,1,0),0) -> 1 | J124: =IF(E124=1,IF(F124<$Z$7,1,0),0) -> 1 | K124: 1
A125: 12 | B125: Armenia | E125: 1 | F125: 62.199933
A126: 16 | B126: Azerbaijan | E126: 1 | F126: 52.109767
A127: 18 | B127: Bahrain | E127: 1 | F127: 85.053
A128: 21 | B128: Belarus | E128: 1 | F128: 50.605167
A129: 28 | B129: Bosnia And Herzegovina | E129: 1 | F129: 30.9339
A130: 51 | B130: Congo, The Democratic Republic Of The | E130: 1 | F130: 28.0273 | K130: 1
A131: 54 | B131: Cote D'Ivoire | E131: 1 | F131: 31.718267
A132: 55 | B132: Croatia | E132: 1 | F132: 44.522667
A133: 57 | B133: Cyprus | E133: 1 | F133: 50.639133
A134: 67 | B134: Eritrea | E134: 1 | F134: 13.4004 | K134: 1
A135: 68 | B135: Estonia | E135: 1 | F135: 66.675333
A136: 80 | B136: Georgia | E136: 1 | F136: 50.137567
A137: 98 | B137: Hong Kong | E137: 1
A138: 113 | B138: Kazakhstan | E138: 1 | F138: 51.9063
A139: 119 | B139: Kyrgyzstan | E139: 1 | F139: 37.474267
A140: 120 | B140: Lao People'S Democratic Republic | E140: 1 | F140: 11.2751
A141: 121 | B141: Latvia | E141: 1 | F141: 63.3423
A142: 127 | B142: Lithuania | E142: 1 | F142: 55.369967
A143: 130 | B143: Macedonia, The Former Yugoslav Republic Of | E143: 1 | F143: 49.241567
A144: 140 | B144: Mauritius | E144: 1 | F144: 41.1268
A145: 144 | B145: Moldova, Republic Of | E145: 1 | F145: 36.307633
A146: 165 | B146: Oman | E146: 1 | F146: 40.1797
A147: 168 | B147: Palestinian Territory, Occupied | E147: 1
A148: 178 | B148: Qatar | E148: 1 | F148: 88.959233
A149: 196 | B149: Singapore | E149: 1 | F149: 100
A150: 197 | B150: Slovakia | E150: 1 | F150: 46.241867
A151: 198 | B151: Slovenia | E151: 1 | F151: 41.834933
A152: 213 | B152: Tajikistan | E152: 1 | F152: 34.558333
A153: 216 | B153: Timor-Leste | E153: 1 | F153: 15.069933
A154: 223 | B154: Turkmenistan | E154: 1 | F154: 46.856633
A155: 227 | B155: Ukraine | E155: 1 | F155: 58.169
A156: 233 | B156: Uzbekistan | E156: 1 | F156: 38.3814

Sheet Model_drought_induced_famine_ch
A1: code | B1: country | C1: Group | D1: GDP per cap | E1: Correl | F1: Urban Population Rate (%) | G1: est_former | H1: est_latter | I1: est_3 | J1: est_4 | K1: famine2011 | L1: famine2012 | M1: 1961-1987 | N1: 1988-2012 | O1: est_1 | S1: est_2 | W1: est_3 | AA1: est_4
A2: 228 | B2: United Arab Emirates | C2: 1 | D2: 84127.607 | E2: 0 | F2: 78.386933 | G2: =IF(E2=1,IF(D2>$P$14,0,IF(F2>=$P$15,0,1)),0) -> 0 | H2: =IF(D2>$T$14,0,IF(F2>=$T$15,0,1)) -> 0 | I2: =IF(E2=1,IF(D2<$X$6,1,0),0) -> 0 | J2: =IF(E2=1,IF(F2<$AB$7,1,0),0) -> 0 | K2: 0 | L2: 0 | M2: 0 | N2: 0 | O2: GDP, Correl, Urban | Q2: Model | S2: GDP, Urban | U2: Model | W2: GDP, Correl | Y2: Model | AA2: Correl, Urban | AC2: Model
A3: 210 | B3: Switzerland | C3: 1 | D3: 30299.48 | E3: 0 | F3: 59.261 | G3: =IF(E3=1,IF(D3>$P$14,0,IF(F3>=$P$15,0,1)),0) -> 0 | H3: =IF(D3>$T$14,0,IF(F3>=$T$15,0,1)) -> 0 | I3: =IF(E3=1,IF(D3<$X$6,1,0),0) -> 0 | J3: =IF(E3=1,IF(F3<$AB$7,1,0),0) -> 0 | K3: 0 | L3: 0 | M3: 0 | N3: 0 | Q3: o | R3: x | U3: o | V3: x | Y3: o | Z3: x | AC3: o | AD3: x
A4: 164 | B4: Norway | C4: 1 | D4: 29664.01 | E4: 0 | F4: 66.0246 | G4: =IF(E4=1,IF(D4>$P$14,0,IF(F4>=$P$15,0,1)),0) -> 0 | H4: =IF(D4>$T$14,0,IF(F4>=$T$15,0,1)) -> 0 | I4: =IF(E4=1,IF(D4<$X$6,1,0),0) -> 0 | J4: =IF(E4=1,IF(F4<$AB$7,1,0),0) -> 0 | K4: 0 | L4: 0 | M4: 0 | N4: 0 | O4: Actual | P4: o | Q4: =COUNTIFS(G2:G124,"=1",K2:K124,"=1") -> 12 | R4: =COUNTIFS(G2:G124,"=0",K2:K124,"=1") -> 3 | S4: Actual | T4: o | U4: =COUNTIFS(H2:H124,"=1",K2:K124,"=1") -> 15 | V4: =COUNTIFS(H2:H124,"=0",K2:K124,"=1") -> 0 | W4: Actual | X4: o | Y4: =COUNTIFS(I2:I124,"=1",K2:K124,"=1") -> 12 | Z4: =COUNTIFS(I2:I124,"=0",K2:K124,"=1") -> 3 | AA4: Actual | AB4: o | AC4: =COUNTIFS(J2:J124,"=1",K2:K124,"=1") -> 12 | AD4: =COUNTIFS(J2:J124,"=0",K2:K124,"=1") -> 3
A5: 118 | B5: Kuwait | C5: 1 | D5: 26520.202 | E5: 0 | F5: 89.2906 | G5: =IF(E5=1,IF(D5>$P$14,0,IF(F5>=$P$15,0,1)),0) -> 0 | H5: =IF(D5>$T$14,0,IF(F5>=$T$15,0,1)) -> 0 | I5: =IF(E5=1,IF(D5<$X$6,1,0),0) -> 0 | J5: =IF(E5=1,IF(F5<$AB$7,1,0),0) -> 0 | K5: 0 | L5: 0 | M5: 0 | N5: 0 | P5: x | Q5: =COUNTIFS(G2:G124,"=1",K2:K124,"=0") -> 6 | R5: =COUNTIFS(G2:G124,"=0",K2:K124,"=0") -> 102 | T5: x | U5: =COUNTIFS(H2:H124,"=1",K2:K124,"=0") -> 26 | V5: =COUNTIFS(H2:H124,"=0",K2:K124,"=0") -> 82 | X5: x | Y5: =COUNTIFS(I2:I124,"=1",K2:K124,"=0") -> 18 | Z5: =COUNTIFS(I2:I124,"=0",K2:K124,"=0") -> 90 | AB5: x | AC5: =COUNTIFS(J2:J124,"=1",K2:K124,"=0") -> 6 | AD5: =COUNTIFS(J2:J124,"=0",K2:K124,"=0") -> 102
A6: 58 | B6: Czech Republic | C6: 1 | D6: 25000 | E6: 0 | F6: 69.303033 | G6: =IF(E6=1,IF(D6>$P$14,0,IF(F6>=$P$15,0,1)),0) -> 0 | H6: =IF(D6>$T$14,0,IF(F6>=$T$15,0,1)) -> 0 | I6: =IF(E6=1,IF(D6<$X$6,1,0),0) -> 0 | J6: =IF(E6=1,IF(F6<$AB$7,1,0),0) -> 0 | K6: 0 | L6: 0 | M6: 0 | N6: 0 | O6: GDP | P6: 10000 | Q6: Sum | R6: =SUM(Q4:R5) -> 123 | S6: GDP | T6: 10000 | U6: Sum | V6: =SUM(U4:V5) -> 123 | W6: GDP | X6: 10000 | Y6: Sum | Z6: =SUM(Y4:Z5) -> 123 | AA6: GDP | AB6: 10000 | AC6: Sum | AD6: =SUM(AC4:AD5) -> 123
A7: 15 | B7: Austria | C7: 1 | D7: 22919.097 | E7: 0 | F7: 65.319 | G7: =IF(E7=1,IF(D7>$P$14,0,IF(F7>=$P$15,0,1)),0) -> 0 | H7: =IF(D7>$T$14,0,IF(F7>=$T$15,0,1)) -> 0 | I7: =IF(E7=1,IF(D7<$X$6,1,0),0) -> 0 | J7: =IF(E7=1,IF(F7<$AB$7,1,0),0) -> 0 | K7: 0 | L7: 0 | M7: 0 | N7: 0 | O7: Urban Population | P7: 25 | Q7: Sum_est | R7: =SUM(G2:G124) -> 18 | S7: Urban Population | T7: 25 | U7: Sum_est | V7: =SUM(H2:H124) -> 41 | W7: Urban Population | X7: 25 | Y7: Sum_est | Z7: =SUM(I2:I124) -> 30 | AA7: Urban Population | AB7: 25 | AC7: Sum_est | AD7: =SUM(P2:P124) -> 30350.329
A8: 81 | B8: Germany | C8: 1 | D8: 22853.347 | E8: 0 | F8: 72.4614 | G8: =IF(E8=1,IF(D8>$P$14,0,IF(F8>=$P$15,0,1)),0) -> 0 | H8: =IF(D8>$T$14,0,IF(F8>=$T$15,0,1)) -> 0 | I8: =IF(E8=1,IF(D8<$X$6,1,0),0) -> 0 | J8: =IF(E8=1,IF(F8<$AB$7,1,0),0) -> 0 | K8: 0 | L8: 0 | M8: 0 | N8: 0 | O8: HIT | P8: =(Q4+R5)/SUM(Q4:R5)*100 -> 92.682927 | Q8: Sum_fam | R8: =SUM(K2:K124) -> 15 | S8: HIT | T8: =(U4+V5)/SUM(U4:V5)*100 -> 78.861789 | U8: Sum_fam | V8: =SUM(K2:K124) -> 15 | W8: HIT | X8: =(Y4+Z5)/SUM(Y4:Z5)*100 -> 82.926829 | Y8: Sum_fam | Z8: =SUM(K2:K124) -> 15 | AA8: HIT | AB8: =(AC4+AD5)/SUM(AC4:AD5)*100 -> 92.682927 | AC8: Sum_fam | AD8: =SUM(Q2:Q124) -> 54
A9: 209 | B9: Sweden | C9: 1 | D9: 22502.773 | E9: 0 | F9: 80.977167 | G9: =IF(E9=1,IF(D9>$P$14,0,IF(F9>=$P$15,0,1)),0) -> 0 | H9: =IF(D9>$T$14,0,IF(F9>=$T$15,0,1)) -> 0 | I9: =IF(E9=1,IF(D9<$X$6,1,0),0) -> 0 | J9: =IF(E9=1,IF(F9<$AB$7,1,0),0) -> 0 | K9: 0 | L9: 0 | M9: 0 | N9: 0
A10: 191 | B10: Saudi Arabia | C10: 1 | D10: 22209.259 | E10: 0 | F10: 57.123967 | G10: =IF(E10=1,IF(D10>$P$14,0,IF(F10>=$P$15,0,1)),0) -> 0 | H10: =IF(D10>$T$14,0,IF(F10>=$T$15,0,1)) -> 0 | I10: =IF(E10=1,IF(D10<$X$6,1,0),0) -> 0 | J10: =IF(E10=1,IF(F10<$AB$7,1,0),0) -> 0 | K10: 0 | L10: 0 | M10: 0 | N10: 0 | O10: 1961-1987 | Q10: Model | S10: 1988-2012 | U10: Model | W10: 1961-2012 | Y10: Model
A11: 74 | B11: France | C11: 1 | D11: 21928.43 | E11: 0 | F11: 71.194933 | G11: =IF(E11=1,IF(D11>$P$14,0,IF(F11>=$P$15,0,1)),0) -> 0 | H11: =IF(D11>$T$14,0,IF(F11>=$T$15,0,1)) -> 0 | I11: =IF(E11=1,IF(D11<$X$6,1,0),0) -> 0 | J11: =IF(E11=1,IF(F11<$AB$7,1,0),0) -> 0 | K11: 0 | L11: 0 | M11: 0 | N11: 0 | Q11: o | R11: x | U11: o | V11: x | Y11: o | Z11: x
A12: 110 | B12: Japan | C12: 1 | D12: 21875.4 | E12: 0 | F12: 73.343033 | G12: =IF(E12=1,IF(D12>$P$14,0,IF(F12>=$P$15,0,1)),0) -> 0 | H12: =IF(D12>$T$14,0,IF(F12>=$T$15,0,1)) -> 0 | I12: =IF(E12=1,IF(D12<$X$6,1,0),0) -> 0 | J12: =IF(E12=1,IF(F12<$AB$7,1,0),0) -> 0 | K12: 0 | L12: 0 | M12: 0 | N12: 0 | O12: Actual | P12: o | Q12: =COUNTIFS(G2:G124,"=1",M2:M124,"=1") -> 9 | R12: =COUNTIFS(G2:G124,"=0",M2:M124,"=1") -> 2 | S12: Actual | T12: o | U12: =COUNTIFS(H2:H124,"=1",N2:N124,"=1") -> 12 | V12: =COUNTIFS(H2:H124,"=0",N2:N124,"=1") -> 1 | W12: Actual | X12: o | Y12: =COUNTIFS(I2:I124,"=1",K2:K124,"=1") -> 12 | Z12: =COUNTIFS(I2:I124,"=0",K2:K124,"=1") -> 3
A13: 73 | B13: Finland | C13: 1 | D13: 20449.505 | E13: 0 | F13: 68.077367 | G13: =IF(E13=1,IF(D13>$P$14,0,IF(F13>=$P$15,0,1)),0) -> 0 | H13: =IF(D13>$T$14,0,IF(F13>=$T$15,0,1)) -> 0 | I13: =IF(E13=1,IF(D13<$X$6,1,0),0) -> 0 | J13: =IF(E13=1,IF(F13<$AB$7,1,0),0) -> 0 | K13: 0 | L13: 0 | M13: 0 | N13: 0 | P13: x | Q13: =COUNTIFS(G2:G124,"=1",M2:M124,"=0") -> 9 | R13: =COUNTIFS(G2:G124,"=0",M2:M124,"=0") -> 103 | T13: x | U13: =COUNTIFS(H2:H124,"=1",N2:N124,"=0") -> 29 | V13: =COUNTIFS(H2:H124,"=0",N2:N124,"=0") -> 81 | X13: x | Y13: =COUNTIFS(I2:I124,"=1",K2:K124,"=0") -> 18 | Z13: =COUNTIFS(I2:I124,"=0",K2:K124,"=0") -> 90
A14: 157 | B14: New Zealand | C14: 1 | D14: 18754.859 | E14: 0 | F14: 81.852733 | G14: =IF(E14=1,IF(D14>$P$14,0,IF(F14>=$P$15,0,1)),0) -> 0 | H14: =IF(D14>$T$14,0,IF(F14>=$T$15,0,1)) -> 0 | I14: =IF(E14=1,IF(D14<$X$6,1,0),0) -> 0 | J14: =IF(E14=1,IF(F14<$AB$7,1,0),0) -> 0 | K14: 0 | L14: 0 | M14: 0 | N14: 0 | O14: GDP | P14: 10000 | Q14: Sum | R14: =SUM(Q12:R13) -> 123 | S14: GDP | T14: 10000 | U14: Sum | V14: =SUM(U12:V13) -> 123 | W14: GDP | X14: 10000 | Y14: Sum | Z14: =SUM(Y12:Z13) -> 123
A15: 203 | B15: Spain | C15: 1 | D15: 16883.632 | E15: 0 | F15: 68.6209 | G15: =IF(E15=1,IF(D15>$P$14,0,IF(F15>=$P$15,0,1)),0) -> 0 | H15: =IF(D15>$T$14,0,IF(F15>=$T$15,0,1)) -> 0 | I15: =IF(E15=1,IF(D15<$X$6,1,0),0) -> 0 | J15: =IF(E15=1,IF(F15<$AB$7,1,0),0) -> 0 | K15: 0 | L15: 0 | M15: 0 | N15: 0 | O15: Urban Population | P15: 25 | Q15: Sum_est | R15: =SUM(G10:G132) -> 18 | S15: Urban Population | T15: 25 | U15: Sum_est | V15: =SUM(H10:H132) -> 41 | W15: Urban Population | X15: 25 | Y15: Sum_est | Z15: =SUM(I10:I132) -> 30
A16: 84 | B16: Greece | C16: 1 | D16: 16659.472 | E16: 0 | F16: 53.9962 | G16: =IF(E16=1,IF(D16>$P$14,0,IF(F16>=$P$15,0,1)),0) -> 0 | H16: =IF(D16>$T$14,0,IF(F16>=$T$15,0,1)) -> 0 | I16: =IF(E16=1,IF(D16<$X$6,1,0),0) -> 0 | J16: =IF(E16=1,IF(F16<$AB$7,1,0),0) -> 0 | K16: 0 | L16: 0 | M16: 0 | N16: 0 | O16: HIT | P16: =(Q12+R13)/SUM(Q12:R13)*100 -> 91.056911 | Q16: Sum_fam | R16: =SUM(L2:L124) -> 17 | S16: HIT | T16: =(U12+V13)/SUM(U12:V13)*100 -> 75.609756 | U16: Sum_fam | V16: =SUM(L2:L124) -> 17 | W16: HIT | X16: =(Y12+Z13)/SUM(Y12:Z13)*100 -> 82.926829 | Y16: Sum_fam | Z16: =SUM(L2:L124) -> 17
A17: 107 | B17: Israel | C17: 1 | D17: 16454.964 | E17: 0 | F17: 85.857267 | G17: =IF(E17=1,IF(D17>$P$14,0,IF(F17>=$P$15,0,1)),0) -> 0 | H17: =IF(D17>$T$14,0,IF(F17>=$T$15,0,1)) -> 0 | I17: =IF(E17=1,IF(D17<$X$6,1,0),0) -> 0 | J17: =IF(E17=1,IF(F17<$AB$7,1,0),0) -> 0 | K17: 0 | L17: 0 | M17: 0 | N17: 0
A18: 78 | B18: Gabon | C18: 1 | D18: 15656.96 | E18: 0 | F18: 44.045833 | G18: =IF(E18=1,IF(D18>$P$14,0,IF(F18>=$P$15,0,1)),0) -> 0 | H18: =IF(D18>$T$14,0,IF(F18>=$T$15,0,1)) -> 0 | I18: =IF(E18=1,IF(D18<$X$6,1,0),0) -> 0 | J18: =IF(E18=1,IF(F18<$AB$7,1,0),0) -> 0 | K18: 0 | L18: 0 | M18: 0 | N18: 0 | O18: GDP, Correl, Urban | Q18: Model | S18: GDP, Urban | U18: Model | W18: GDP, Correl | Y18: Model | AA18: Correl, Urban | AC18: Model
A19: 105 | B19: Ireland | C19: 1 | D19: 14370.902 | E19: 0 | F19: 53.024233 | G19: =IF(E19=1,IF(D19>$P$14,0,IF(F19>=$P$15,0,1)),0) -> 0 | H19: =IF(D19>$T$14,0,IF(F19>=$T$15,0,1)) -> 0 | I19: =IF(E19=1,IF(D19<$X$6,1,0),0) -> 0 | J19: =IF(E19=1,IF(F19<$AB$7,1,0),0) -> 0 | K19: 0 | L19: 0 | M19: 0 | N19: 0 | Q19: o | R19: x | U19: o | V19: x | Y19: o | Z19: x | AC19: o | AD19: x
A20: 176 | B20: Portugal | C20: 1 | D20: 13353.044 | E20: 0 | F20: 41.2105 | G20: =IF(E20=1,IF(D20>$P$14,0,IF(F20>=$P$15,0,1)),0) -> 0 | H20: =IF(D20>$T$14,0,IF(F20>=$T$15,0,1)) -> 0 | I20: =IF(E20=1,IF(D20<$X$6,1,0),0) -> 0 | J20: =IF(E20=1,IF(F20<$AB$7,1,0),0) -> 0 | K20: 0 | L20: 0 | M20: 0 | N20: 0 | O20: Actual | P20: o | Q20: =COUNTIFS(G18:G140,"=1",K18:K140,"=1") -> 12 | R20: =COUNTIFS(G18:G140,"=0",K18:K140,"=1") -> 3 | S20: Actual | T20: o | U20: =COUNTIFS(H18:H140,"=1",K18:K140,"=1") -> 15 | V20: =COUNTIFS(H18:H140,"=0",K18:K140,"=1") -> 0 | W20: Actual | X20: o | Y20: =COUNTIFS(I18:I140,"=1",K18:K140,"=1") -> 12 | Z20: =COUNTIFS(I18:I140,"=0",K18:K140,"=1") -> 3 | AA20: Actual | AB20: o | AC20: =COUNTIFS(J18:J140,"=1",K18:K140,"=1") -> 12 | AD20: =COUNTIFS(J18:J140,"=0",K18:K140,"=1") -> 3
A21: 125 | B21: Libyan Arab Jamahiriya | C21: 1 | D21: 13000 | E21: 0 | F21: 58.004833 | G21: =IF(E21=1,IF(D21>$P$14,0,IF(F21>=$P$15,0,1)),0) -> 0 | H21: =IF(D21>$T$14,0,IF(F21>=$T$15,0,1)) -> 0 | I21: =IF(E21=1,IF(D21<$X$6,1,0),0) -> 0 | J21: =IF(E21=1,IF(F21<$AB$7,1,0),0) -> 0 | K21: 0 | L21: 0 | M21: 0 | N21: 0 | P21: x | Q21: =COUNTIFS(G18:G140,"=1",K18:K140,"=0") -> 6 | R21: =COUNTIFS(G18:G140,"=0",K18:K140,"=0") -> 86 | T21: x | U21: =COUNTIFS(H18:H140,"=1",K18:K140,"=0") -> 26 | V21: =COUNTIFS(H18:H140,"=0",K18:K140,"=0") -> 66 | X21: x | Y21: =COUNTIFS(I18:I140,"=1",K18:K140,"=0") -> 18 | Z21: =COUNTIFS(I18:I140,"=0",K18:K140,"=0") -> 74 | AB21: x | AC21: =COUNTIFS(J18:J140,"=1",K18:K140,"=0") -> 6 | AD21: =COUNTIFS(J18:J140,"=0",K18:K140,"=0") -> 86
A22: 220 | B22: Trinidad And Tobago | C22: 1 | D22: 12779.41 | E22: 0 | F22: 11.685833 | G22: =IF(E22=1,IF(D22>$P$14,0,IF(F22>=$P$15,0,1)),0) -> 0 | H22: =IF(D22>$T$14,0,IF(F22>=$T$15,0,1)) -> 0 | I22: =IF(E22=1,IF(D22<$X$6,1,0),0) -> 0 | J22: =IF(E22=1,IF(F22<$AB$7,1,0),0) -> 0 | K22: 0 | L22: 0 | M22: 0 | N22: 0 | O22: GDP | P22: 10000 | Q22: Sum | R22: =SUM(Q20:R21) -> 107 | S22: GDP | T22: 10000 | U22: Sum | V22: =SUM(U20:V21) -> 107 | W22: GDP | X22: 10000 | Y22: Sum | Z22: =SUM(Y20:Z21) -> 107 | AA22: GDP | AB22: 10000 | AC22: Sum | AD22: =SUM(AC20:AD21) -> 107
A23: 142 | B23: Mexico | C23: 1 | D23: 10010.128 | E23: 0 | F23: 62.525433 | G23: =IF(E23=1,IF(D23>$P$14,0,IF(F23>=$P$15,0,1)),0) -> 0 | H23: =IF(D23>$T$14,0,IF(F23>=$T$15,0,1)) -> 0 | I23: =IF(E23=1,IF(D23<$X$6,1,0),0) -> 0 | J23: =IF(E23=1,IF(F23<$AB$7,1,0),0) -> 0 | K23: 0 | L23: 0 | M23: 0 | N23: 0 | O23: Urban Population | P23: 25 | Q23: Sum_est | R23: =SUM(G18:G140) -> 18 | S23: Urban Population | T23: 25 | U23: Sum_est | V23: =SUM(H18:H140) -> 41 | W23: Urban Population | X23: 25 | Y23: Sum_est | Z23: =SUM(I18:I140) -> 30 | AA23: Urban Population | AB23: 25 | AC23: Sum_est | AD23: =SUM(P18:P140) -> 10116.589
A24: 56 | B24: Cuba | C24: 2 | D24: 9900 | E24: 0 | F24: 65.0408 | G24: =IF(E24=1,IF(D24>$P$14,0,IF(F24>=$P$15,0,1)),0) -> 0 | H24: =IF(D24>$T$14,0,IF(F24>=$T$15,0,1)) -> 0 | I24: =IF(E24=1,IF(D24<$X$6,1,0),0) -> 0 | J24: =IF(E24=1,IF(F24<$AB$7,1,0),0) -> 0 | K24: 0 | L24: 0 | M24: 0 | N24: 0 | O24: HIT | P24: =(Q20+R21)/SUM(Q20:R21)*100 -> 91.588785 | Q24: Sum_fam | R24: =SUM(K18:K140) -> 17 | S24: HIT | T24: =(U20+V21)/SUM(U20:V21)*100 -> 75.700935 | U24: Sum_fam | V24: =SUM(K18:K140) -> 17 | W24: HIT | X24: =(Y20+Z21)/SUM(Y20:Z21)*100 -> 80.373832 | Y24: Sum_fam | Z24: =SUM(K18:K140) -> 17 | AA24: HIT | AB24: =(AC20+AD21)/SUM(AC20:AD21)*100 -> 91.588785 | AC24: Sum_fam | AD24: =SUM(Q18:Q140) -> 18
A25: 11 | B25: Argentina | C25: 2 | D25: 8559.8257 | E25: 0 | F25: 80.962967 | G25: =IF(E25=1,IF(D25>$P$14,0,IF(F25>=$P$15,0,1)),0) -> 0 | H25: =IF(D25>$T$14,0,IF(F25>=$T$15,0,1)) -> 0 | I25: =IF(E25=1,IF(D25<$X$6,1,0),0) -> 0 | J25: =IF(E25=1,IF(F25<$AB$7,1,0),0) -> 0 | K25: 0 | L25: 0 | M25: 0 | N25: 0
A26: 180 | B26: Romania | C26: 2 | D26: 8459.8776 | E26: 0 | F26: 43.6953 | G26: =IF(E26=1,IF(D26>$P$14,0,IF(F26>=$P$15,0,1)),0) -> 0 | H26: =IF(D26>$T$14,0,IF(F26>=$T$15,0,1)) -> 0 | I26: =IF(E26=1,IF(D26<$X$6,1,0),0) -> 0 | J26: =IF(E26=1,IF(F26<$AB$7,1,0),0) -> 0 | K26: 0 | L26: 0 | M26: 0 | N26: 0
A27: 201 | B27: South Africa | C27: 2 | D27: 8332.6196 | E27: 0 | F27: 48.472133 | G27: =IF(E27=1,IF(D27>$P$14,0,IF(F27>=$P$15,0,1)),0) -> 0 | H27: =IF(D27>$T$14,0,IF(F27>=$T$15,0,1)) -> 0 | I27: =IF(E27=1,IF(D27<$X$6,1,0),0) -> 0 | J27: =IF(E27=1,IF(F27<$AB$7,1,0),0) -> 0 | K27: 0 | L27: 0 | M27: 0 | N27: 0
A28: 175 | B28: Poland | C28: 2 | D28: 8180.3731 | E28: 0 | F28: 55.2463 | G28: =IF(E28=1,IF(D28>$P$14,0,IF(F28>=$P$15,0,1)),0) -> 0 | H28: =IF(D28>$T$14,0,IF(F28>=$T$15,0,1)) -> 0 | I28: =IF(E28=1,IF(D28<$X$6,1,0),0) -> 0 | J28: =IF(E28=1,IF(F28<$AB$7,1,0),0) -> 0 | K28: 0 | L28: 0 | M28: 0 | N28: 0
A29: 117 | B29: Korea, Republic Of | C29: 2 | D29: 7909.6841 | E29: 0 | F29: 49.679067 | G29: =IF(E29=1,IF(D29>$P$14,0,IF(F29>=$P$15,0,1)),0) -> 0 | H29: =IF(D29>$T$14,0,IF(F29>=$T$15,0,1)) -> 0 | I29: =IF(E29=1,IF(D29<$X$6,1,0),0) -> 0 | J29: =IF(E29=1,IF(F29<$AB$7,1,0),0) -> 0 | K29: 0 | L29: 0 | M29: 0 | N29: 0
A30: 31 | B30: Brazil | C30: 2 | D30: 7199.3902 | E30: 0 | F30: 60.978967 | G30: =IF(E30=1,IF(D30>$P$14,0,IF(F30>=$P$15,0,1)),0) -> 0 | H30: =IF(D30>$T$14,0,IF(F30>=$T$15,0,1)) -> 0 | I30: =IF(E30=1,IF(D30<$X$6,1,0),0) -> 0 | J30: =IF(E30=1,IF(F30<$AB$7,1,0),0) -> 0 | K30: 0 | L30: 0 | M30: 0 | N30: 0
A31: 34 | B31: Bulgaria | C31: 2 | D31: 7087.3317 | E31: 0 | F31: 56.1622 | G31: =IF(E31=1,IF(D31>$P$14,0,IF(F31>=$P$15,0,1)),0) -> 0 | H31: =IF(D31>$T$14,0,IF(F31>=$T$15,0,1)) -> 0 | I31: =IF(E31=1,IF(D31<$X$6,1,0),0) -> 0 | J31: =IF(E31=1,IF(F31<$AB$7,1,0),0) -> 0 | K31: 0 | L31: 0 | M31: 0 | N31: 0
A32: 232 | B32: Uruguay | C32: 2 | D32: 6956.3323 | E32: 0 | F32: 84.191867 | G32: =IF(E32=1,IF(D32>$P$14,0,IF(F32>=$P$15,0,1)),0) -> 0 | H32: =IF(D32>$T$14,0,IF(F32>=$T$15,0,1)) -> 0 | I32: =IF(E32=1,IF(D32<$X$6,1,0),0) -> 0 | J32: =IF(E32=1,IF(F32<$AB$7,1,0),0) -> 0 | K32: 0 | L32: 0 | M32: 0 | N32: 0
A33: 169 | B33: Panama | C33: 2 | D33: 6610.2076 | E33: 0 | F33: 48.7452 | G33: =IF(E33=1,IF(D33>$P$14,0,IF(F33>=$P$15,0,1)),0) -> 0 | H33: =IF(D33>$T$14,0,IF(F33>=$T$15,0,1)) -> 0 | I33: =IF(E33=1,IF(D33<$X$6,1,0),0) -> 0 | J33: =IF(E33=1,IF(F33<$AB$7,1,0),0) -> 0 | K33: 0 | L33: 0 | M33: 0 | N33: 0
A34: 103 | B34: Iran, Islamic Republic Of | C34: 2 | D34: 6601.6239 | E34: 0 | F34: 45.7345 | G34: =IF(E34=1,IF(D34>$P$14,0,IF(F34>=$P$15,0,1)),0) -> 0 | H34: =IF(D34>$T$14,0,IF(F34>=$T$15,0,1)) -> 0 | I34: =IF(E34=1,IF(D34<$X$6,1,0),0) -> 0 | J34: =IF(E34=1,IF(F34<$AB$7,1,0),0) -> 0 | K34: 0 | L34: 0 | M34: 0 | N34: 0
A35: 4 | B35: Algeria | C35: 2 | D35: 6503.1951 | E35: 0 | F35: 42.073 | G35: =IF(E35=1,IF(D35>$P$14,0,IF(F35>=$P$15,0,1)),0) -> 0 | H35: =IF(D35>$T$14,0,IF(F35>=$T$15,0,1)) -> 0 | I35: =IF(E35=1,IF(D35<$X$6,1,0),0) -> 0 | J35: =IF(E35=1,IF(F35<$AB$7,1,0),0) -> 0 | K35: 0 | L35: 0 | M35: 0 | N35: 0
A36: 122 | B36: Lebanon | C36: 2 | D36: 6131.0894 | E36: 0 | F36: 66.2152 | G36: =IF(E36=1,IF(D36>$P$14,0,IF(F36>=$P$15,0,1)),0) -> 0 | H36: =IF(D36>$T$14,0,IF(F36>=$T$15,0,1)) -> 0 | I36: =IF(E36=1,IF(D36<$X$6,1,0),0) -> 0 | J36: =IF(E36=1,IF(F36<$AB$7,1,0),0) -> 0 | K36: 0 | L36: 0 | M36: 0 | N36: 0
... A124: 243 | B124: Zimbabwe | C124: 4 | D124: 400 | E124: 1 | F124: 20.346 | G124: =IF(E124=1,IF(D124>$P$14,0,IF(F124>=$P$15,0,1)),0) -> 1 | H124: =IF(D124>$T$14,0,IF(F124>=$T$15,0,1)) -> 1 | I124: =IF(E124=1,IF(D124<$X$6,1,0),0) -> 1 | J124: =IF(E124=1,IF(F124<$AB$7,1,0),0) -> 1 | K124: 1 | L124: 1 | M124: 0 | N124: 1
A125: 12 | B125: Armenia | E125: 1 | F125: 62.199933 | L125: 0 | M125: 0 | N125: 0
A126: 16 | B126: Azerbaijan | E126: 1 | F126: 52.109767 | L126: 0 | M126: 0 | N126: 0
A127: 18 | B127: Bahrain | E127: 1 | F127: 85.053 | L127: 0 | M127: 0 | N127: 0
A128: 21 | B128: Belarus | E128: 1 | F128: 50.605167 | L128: 0 | M128: 0 | N128: 0
A129: 28 | B129: Bosnia And Herzegovina | E129: 1 | F129: 30.9339 | L129: 0 | M129: 0 | N129: 0
A130: 51 | B130: Congo, The Democratic Republic Of The | E130: 1 | F130: 28.0273 | K130: 1 | L130: 1 | M130: 0 | N130: 1
A131: 54 | B131: Cote D'Ivoire | E131: 1 | F131: 31.718267 | L131: 0 | M131: 0 | N131: 0
A132: 55 | B132: Croatia | E132: 1 | F132: 44.522667 | L132: 0 | M132: 0 | N132: 0
A133: 57 | B133: Cyprus | E133: 1 | F133: 50.639133 | L133: 0 | M133: 0 | N133: 0
A134: 67 | B134: Eritrea | E134: 1 | F134: 13.4004 | K134: 1 | L134: 1 | M134: 0 | N134: 1
A135: 68 | B135: Estonia | E135: 1 | F135: 66.675333 | L135: 0 | M135: 0 | N135: 0
A136: 80 | B136: Georgia | E136: 1 | F136: 50.137567 | L136: 0 | M136: 0 | N136: 0
A137: 98 | B137: Hong Kong | E137: 1 | L137: 0 | M137: 0 | N137: 0
A138: 113 | B138: Kazakhstan | E138: 1 | F138: 51.9063 | L138: 0 | M138: 0 | N138: 0
A139: 119 | B139: Kyrgyzstan | E139: 1 | F139: 37.474267 | L139: 0 | M139: 0 | N139: 0
A140: 120 | B140: Lao People'S Democratic Republic | E140: 1 | F140: 11.2751 | L140: 0 | M140: 0 | N140: 0
A141: 121 | B141: Latvia | E141: 1 | F141: 63.3423 | L141: 0 | M141: 0 | N141: 0
A142: 127 | B142: Lithuania | E142: 1 | F142: 55.369967 | L142: 0 | M142: 0 | N142: 0
A143: 130 | B143: Macedonia, The Former Yugoslav Republic Of | E143: 1 | F143: 49.241567 | L143: 0 | M143: 0 | N143: 0
A144: 140 | B144: Mauritius | E144: 1 | F144: 41.1268 | L144: 0 | M144: 0 | N144: 0
A145: 144 | B145: Moldova, Republic Of | E145: 1 | F145: 36.307633 | L145: 0 | M145: 0 | N145: 0
A146: 165 | B146: Oman | E146: 1 | F146: 40.1797 | L146: 0 | M146: 0 | N146: 0
A147: 168 | B147: Palestinian Territory, Occupied | E147: 1 | L147: 0 | M147: 0 | N147: 0
A148: 178 | B148: Qatar | E148: 1 | F148: 88.959233 | L148: 0 | M148: 0 | N148: 0
A149: 196 | B149: Singapore | E149: 1 | F149: 100 | L149: 0 | M149: 0 | N149: 0
A150: 197 | B150: Slovakia | E150: 1 | F150: 46.241867 | L150: 0 | M150: 0 | N150: 0
A151: 198 | B151: Slovenia | E151: 1 | F151: 41.834933 | L151: 0 | M151: 0 | N151: 0
A152: 213 | B152: Tajikistan | E152: 1 | F152: 34.558333 | L152: 0 | M152: 0 | N152: 0
A153: 216 | B153: Timor-Leste | E153: 1 | F153: 15.069933 | L153: 0 | M153: 0 | N153: 0
A154: 223 | B154: Turkmenistan | E154: 1 | F154: 46.856633 | L154: 0 | M154: 0 | N154: 0
A155: 227 | B155: Ukraine | E155: 1 | F155: 58.169 | L155: 0 | M155: 0 | N155: 0
A156: 233 | B156: Uzbekistan | E156: 1 | F156: 38.3814 | L156: 0 | M156: 0 | N156: 0
L157: 1 | M157: 16 | N157: 24

Sheet 1961-2012_Famine
A1: code | B1: country | C1: 4Groups | D1: 1961 | E1: 1962 | F1: 1963 | G1: 1964 | H1: 1965 | I1: 1966 | J1: 1967 | K1: 1968 | L1: 1969 | M1: 1970 | N1: 1971 | O1: 1972 | P1: 1973 | Q1: 1974 | R1: 1975 | S1: 1976 | T1: 1977 | U1: 1978 | V1: 1979 | W1: 1980 | X1: 1981 | Y1: 1982 | Z1: 1983 | AA1: 1984 | AB1: 1985 | AC1: 1986 | AD1: 1987 | AE1: 1988 | AF1: 1989 | AG1: 1990 | AH1: 1991 | AI1: 1992 | AJ1: 1993 | AK1: 1994 | AL1: 1995 | AM1: 1996 | AN1: 1997 | AO1: 1998 | AP1: 1999 | AQ1: 2000 | AR1: 2001 | AS1: 2002 | AT1: 2003 | AU1: 2004 | AV1: 2005 | AW1: 2006 | AX1: 2007 | AY1: 2008 | AZ1: 2009 | BA1: 2010 | BB1: 2011 | BC1: 2012
A2: 1 | B2: Afghanistan | C2: 2 | BD2: =SUM(D2:AD2) -> 0 | BE2: =SUM(AE2:BC2) -> 0
A3: 3 | B3: Albania | C3: 2 | BD3: =SUM(D3:AD3) -> 0 | BE3: =SUM(AE3:BC3) -> 0
A4: 4 | B4: Algeria | C4: 2 | BD4: =SUM(D4:AD4) -> 0 | BE4: =SUM(AE4:BC4) -> 0
A5: 7 | B5: Angola | C5: 2 | BD5: =SUM(D5:AD5) -> 0 | BE5: =SUM(AE5:BC5) -> 0
A6: 11 | B6: Argentina | C6: 2 | BD6: =SUM(D6:AD6) -> 0 | BE6: =SUM(AE6:BC6) -> 0
A7: 12 | B7: Armenia | BD7: =SUM(D7:AD7) -> 0 | BE7: =SUM(AE7:BC7) -> 0
A8: 14 | B8: Australia | C8: 3 | BD8: =SUM(D8:AD8) -> 0 | BE8: =SUM(AE8:BC8) -> 0
A9: 15 | B9: Austria | C9: 1 | BD9: =SUM(D9:AD9) -> 0 | BE9: =SUM(AE9:BC9) -> 0
A10: 16 | B10: Azerbaijan | BD10: =SUM(D10:AD10) -> 0 | BE10: =SUM(AE10:BC10) -> 0
A11: 18 | B11: Bahrain | BD11: =SUM(D11:AD11) -> 0 | BE11: =SUM(AE11:BC11) -> 0
A12: 19 | B12: Bangladesh | C12: 2 | Q12: 1 | BD12: =SUM(D12:AD12) -> 1 | BE12: =SUM(AE12:BC12) -> 0
A13: 21 | B13: Belarus | BD13: =SUM(D13:AD13) -> 0 | BE13: =SUM(AE13:BC13) -> 0
A14: 22 | B14: Belgium | C14: 3 | BD14: =SUM(D14:AD14) -> 0 | BE14: =SUM(AE14:BC14) -> 0
A15: 24 | B15: Benin | C15: 4 | BD15: =SUM(D15:AD15) -> 0 | BE15: =SUM(AE15:BC15) -> 0
A16: 27 | B16: Bolivia | C16: 2 | BD16: =SUM(D16:AD16) -> 0 | BE16: =SUM(AE16:BC16) -> 0
A17: 28 | B17: Bosnia And Herzegovina | BD17: =SUM(D17:AD17) -> 0 | BE17: =SUM(AE17:BC17) -> 0
A18: 29 | B18: Botswana | C18: 4 | BD18: =SUM(D18:AD18) -> 0 | BE18: =SUM(AE18:BC18) -> 0
A19: 31 | B19: Brazil | C19: 2 | BD19: =SUM(D19:AD19) -> 0 | BE19: =SUM(AE19:BC19) -> 0
A20: 34 | B20: Bulgaria | C20: 2 | BD20: =SUM(D20:AD20) -> 0 | BE20: =SUM(AE20:BC20) -> 0
A21: 35 | B21: Burkina Faso | C21: 4 | K21: 1 | BC21: 1 | BD21: =SUM(D21:AD21) -> 1 | BE21: =SUM(AE21:BC21) -> 1
A22: 36 | B22: Burundi | C22: 2 | BD22: =SUM(D22:AD22) -> 0 | BE22: =SUM(AE22:BC22) -> 0
A23: 37 | B23: Cambodia | C23: 2 | R23: 1 | BD23: =SUM(D23:AD23) -> 1 | BE23: =SUM(AE23:BC23) -> 0
A24: 38 | B24: Cameroon | C24: 2 | BD24: =SUM(D24:AD24) -> 0 | BE24: =SUM(AE24:BC24) -> 0
A25: 39 | B25: Canada | C25: 3 | BD25: =SUM(D25:AD25) -> 0 | BE25: =SUM(AE25:BC25) -> 0
A26: 42 | B26: Central African Republic | C26: 2 | BD26: =SUM(D26:AD26) -> 0 | BE26: =SUM(AE26:BC26) -> 0
A27: 43 | B27: Chad | C27: 4 | K27: 1 | BD27: =SUM(D27:AD27) -> 1 | BE27: =SUM(AE27:BC27) -> 0
A28: 44 | B28: Chile | C28: 2 | BD28: =SUM(D28:AD28) -> 0 | BE28: =SUM(AE28:BC28) -> 0
A29: 45 | B29: China | C29: 2 | BD29: =SUM(D29:AD29) -> 0 | BE29: =SUM(AE29:BC29) -> 0
A30: 48 | B30: Colombia | C30: 2 | BD30: =SUM(D30:AD30) -> 0 | BE30: =SUM(AE30:BC30) -> 0
A31: 50 | B31: Congo | C31: 4 | BD31: =SUM(D31:AD31) -> 0 | BE31: =SUM(AE31:BC31) -> 0
A32: 51 | B32: Congo, The Democratic Republic Of The | AO32: 1 | BD32: =SUM(D32:AD32) -> 0 | BE32: =SUM(AE32:BC32) -> 1
A33: 53 | B33: Costa Rica | C33: 2 | BD33: =SUM(D33:AD33) -> 0 | BE33: =SUM(AE33:BC33) -> 0
A34: 54 | B34: Cote D'Ivoire | BD34: =SUM(D34:AD34) -> 0 | BE34: =SUM(AE34:BC34) -> 0
A35: 55 | B35: Croatia | BD35: =SUM(D35:AD35) -> 0 | BE35: =SUM(AE35:BC35) -> 0
A36: 56 | B36: Cuba | C36: 2 | BD36: =SUM(D36:AD36) -> 0 | BE36: =SUM(AE36:BC36) -> 0
A37: 57 | B37: Cyprus | BD37: =SUM(D37:AD37) -> 0 | BE37: =SUM(AE37:BC37) -> 0
A38: 58 | B38: Czech Republic | C38: 1 | BD38: =SUM(D38:AD38) -> 0 | BE38: =SUM(AE38:BC38) -> 0
A39: 59 | B39: Denmark | C39: 3 | BD39: =SUM(D39:AD39) -> 0 | BE39: =SUM(AE39:BC39) -> 0
A40: 62 | B40: Dominican Republic | C40: 2 | BD40: =SUM(D40:AD40) -> 0 | BE40: =SUM(AE40:BC40) -> 0
A41: 63 | B41: Ecuador | C41: 2 | BD41: =SUM(D41:AD41) -> 0 | BE41: =SUM(AE41:BC41) -> 0
A42: 64 | B42: Egypt | C42: 2 | BD42: =SUM(D42:AD42) -> 0 | BE42: =SUM(AE42:BC42) -> 0
A43: 65 | B43: El Salvador | C43: 4 | BD43: =SUM(D43:AD43) -> 0 | BE43: =SUM(AE43:BC43) -> 0
A44: 67 | B44: Eritrea | AW44: 1 | BD44: =SUM(D44:AD44) -> 0 | BE44: =SUM(AE44:BC44) -> 1
A45: 68 | B45: Estonia | BD45: =SUM(D45:AD45) -> 0 | BE45: =SUM(AE45:BC45) -> 0
A46: 69 | B46: Ethiopia | C46: 2 | I46: 1 | O46: 1 | AA46: 1 | AO46: 1 | AW46: 1 | BB46: 1 | BD46: =SUM(D46:AD46) -> 3 | BE46: =SUM(AE46:BC46) -> 3
A47: 73 | B47: Finland | C47: 1 | BD47: =SUM(D47:AD47) -> 0 | BE47: =SUM(AE47:BC47) -> 0
A48: 74 | B48: France | C48: 1 | BD48: =SUM(D48:AD48) -> 0 | BE48: =SUM(AE48:BC48) -> 0
A49: 78 | B49: Gabon | C49: 1 | BD49: =SUM(D49:AD49) -> 0 | BE49: =SUM(AE49:BC49) -> 0
A50: 79 | B50: Gambia | C50: 2 | BC50: 1 | BD50: =SUM(D50:AD50) -> 0 | BE50: =SUM(AE50:BC50) -> 1
A51: 80 | B51: Georgia | BD51: =SUM(D51:AD51) -> 0 | BE51: =SUM(AE51:BC51) -> 0
A52: 81 | B52: Germany | C52: 1 | BD52: =SUM(D52:AD52) -> 0 | BE52: =SUM(AE52:BC52) -> 0
A53: 82 | B53: Ghana | C53: 4 | BD53: =SUM(D53:AD53) -> 0 | BE53: =SUM(AE53:BC53) -> 0
A54: 84 | B54: Greece | C54: 1 | BD54: =SUM(D54:AD54) -> 0 | BE54: =SUM(AE54:BC54) -> 0
A55: 89 | B55: Guatemala | C55: 2 | BD55: =SUM(D55:AD55) -> 0 | BE55: =SUM(AE55:BC55) -> 0
A56: 91 | B56: Guinea | C56: 4 | BD56: =SUM(D56:AD56) -> 0 | BE56: =SUM(AE56:BC56) -> 0
A57: 92 | B57: Guinea-Bissau | C57: 2 | BD57: =SUM(D57:AD57) -> 0 | BE57: =SUM(AE57:BC57) -> 0
A58: 94 | B58: Haiti | C58: 2 | BD58: =SUM(D58:AD58) -> 0 | BE58: =SUM(AE58:BC58) -> 0
A59: 97 | B59: Honduras | C59: 2 | BD59: =SUM(D59:AD59) -> 0 | BE59: =SUM(AE59:BC59) -> 0
A60: 98 | B60: Hong Kong | BD60: =SUM(D60:AD60) -> 0 | BE60: =SUM(AE60:BC60) -> 0
A61: 99 | B61: Hungary | C61: 3 | BD61: =SUM(D61:AD61) -> 0 | BE61: =SUM(AE61:BC61) -> 0
A62: 101 | B62: India | C62: 4 | O62: 1 | BD62: =SUM(D62:AD62) -> 1 | BE62: =SUM(AE62:BC62) -> 0
A63: 102 | B63: Indonesia | C63: 4 | BD63: =SUM(D63:AD63) -> 0 | BE63: =SUM(AE63:BC63) -> 0
A64: 103 | B64: Iran, Islamic Republic Of | C64: 2 | BD64: =SUM(D64:AD64) -> 0 | BE64: =SUM(AE64:BC64) -> 0
A65: 104 | B65: Iraq | C65: 2 | BD65: =SUM(D65:AD65) -> 0 | BE65: =SUM(AE65:BC65) -> 0
A66: 105 | B66: Ireland | C66: 1 | BD66: =SUM(D66:AD66) -> 0 | BE66: =SUM(AE66:BC66) -> 0
A67: 107 | B67: Israel | C67: 1 | BD67: =SUM(D67:AD67) -> 0 | BE67: =SUM(AE67:BC67) -> 0
A68: 108 | B68: Italy | C68: 3 | BD68: =SUM(D68:AD68) -> 0 | BE68: =SUM(AE68:BC68) -> 0
A69: 109 | B69: Jamaica | C69: 4 | BD69: =SUM(D69:AD69) -> 0 | BE69: =SUM(AE69:BC69) -> 0
A70: 110 | B70: Japan | C70: 1 | BD70: =SUM(D70:AD70) -> 0 | BE70: =SUM(AE70:BC70) -> 0
A71: 112 | B71: Jordan | C71: 4 | BD71: =SUM(D71:AD71) -> 0 | BE71: =SUM(AE71:BC71) -> 0
A72: 113 | B72: Kazakhstan | BD72: =SUM(D72:AD72) -> 0 | BE72: =SUM(AE72:BC72) -> 0
A73: 114 | B73: Kenya | C73: 4 | AW73: 1 | BB73: 1 | BD73: =SUM(D73:AD73) -> 0 | BE73: =SUM(AE73:BC73) -> 2
A74: 116 | B74: Korea, Democratic People'S Republic Of | C74: 2 | AM74: 1 | BD74: =SUM(D74:AD74) -> 0 | BE74: =SUM(AE74:BC74) -> 1
A75: 117 | B75: Korea, Republic Of | C75: 2 | BD75: =SUM(D75:AD75) -> 0 | BE75: =SUM(AE75:BC75) -> 0
A76: 118 | B76: Kuwait | C76: 1 | BD76: =SUM(D76:AD76) -> 0 | BE76: =SUM(AE76:BC76) -> 0
A77: 119 | B77: Kyrgyzstan | BD77: =SUM(D77:AD77) -> 0 | BE77: =SUM(AE77:BC77) -> 0
A78: 120 | B78: Lao People'S Democratic Republic | BD78: =SUM(D78:AD78) -> 0 | BE78: =SUM(AE78:BC78) -> 0
A79: 121 | B79: Latvia | BD79: =SUM(D79:AD79) -> 0 | BE79: =SUM(AE79:BC79) -> 0
A80: 122 | B80: Lebanon | C80: 2 | BD80: =SUM(D80:AD80) -> 0 | BE80: =SUM(AE80:BC80) -> 0
A81: 123 | B81: Lesotho | C81: 2 | BD81: =SUM(D81:AD81) -> 0 | BE81: =SUM(AE81:BC81) -> 0
A82: 124 | B82: Liberia | C82: 2 | BD82: =SUM(D82:AD82) -> 0 | BE82: =SUM(AE82:BC82) -> 0
A83: 125 | B83: Libyan Arab Jamahiriya | C83: 1 | BD83: =SUM(D83:AD83) -> 0 | BE83: =SUM(AE83:BC83) -> 0
A84: 127 | B84: Lithuania | BD84: =SUM(D84:AD84) -> 0 | BE84: =SUM(AE84:BC84) -> 0
A85: 130 | B85: Macedonia, The Former Yugoslav Republic Of | BD85: =SUM(D85:AD85) -> 0 | BE85: =SUM(AE85:BC85) -> 0
A86: 131 | B86: Madagascar | C86: 2 | BD86: =SUM(D86:AD86) -> 0 | BE86: =SUM(AE86:BC86) -> 0
A87: 132 | B87: Malawi | C87: 4 | AV87: 1 | BD87: =SUM(D87:AD87) -> 0 | BE87: =SUM(AE87:BC87) -> 1
A88: 133 | B88: Malaysia | C88: 2 | BD88: =SUM(D88:AD88) -> 0 | BE88: =SUM(AE88:BC88) -> 0
A89: 135 | B89: Mali | C89: 4 | K89: 1 | BC89: 1 | BD89: =SUM(D89:AD89) -> 1 | BE89: =SUM(AE89:BC89) -> 1
A90: 139 | B90: Mauritania | C90: 4 | K90: 1 | BC90: 1 | BD90: =SUM(D90:AD90) -> 1 | BE90: =SUM(AE90:BC90) -> 1
A91: 140 | B91: Mauritius | BD91: =SUM(D91:AD91) -> 0 | BE91: =SUM(AE91:BC91) -> 0
A92: 142 | B92: Mexico | C92: 1 | BD92: =SUM(D92:AD92) -> 0 | BE92: =SUM(AE92:BC92) -> 0
A93: 144 | B93: Moldova, Republic Of | BD93: =SUM(D93:AD93) -> 0 | BE93: =SUM(AE93:BC93) -> 0
A94: 146 | B94: Mongolia | C94: 4 | BD94: =SUM(D94:AD94) -> 0 | BE94: =SUM(AE94:BC94) -> 0
A95: 148 | B95: Morocco | C95: 4 | BD95: =SUM(D95:AD95) -> 0 | BE95: =SUM(AE95:BC95) -> 0
A96: 149 | B96: Mozambique | C96: 2 | Y96: 1 | BD96: =SUM(D96:AD96) -> 1 | BE96: =SUM(AE96:BC96) -> 0
A97: 150 | B97: Myanmar | C97: 2 | BD97: =SUM(D97:AD97) -> 0 | BE97: =SUM(AE97:BC97) -> 0
A98: 151 | B98: Namibia | C98: 2 | BD98: =SUM(D98:AD98) -> 0 | BE98: =SUM(AE98:BC98) -> 0
A99: 153 | B99: Nepal | C99: 2 | BD99: =SUM(D99:AD99) -> 0 | BE99: =SUM(AE99:BC99) -> 0
A100: 154 | B100: Netherlands | C100: 3 | BD100: =SUM(D100:AD100) -> 0 | BE100: =SUM(AE100:BC100) -> 0
...

Sheet all_1961-1990
G1: GDP | H1: 10000 | I1: Urban pop. | J1: 25
A2: code | B2: country | C2: Group | D2: Correl | E2: Urban Population Rate (%) | F2: GDP per cap | G2: 1961 | H2: 1962 | I2: 1963 | J2: 1964 | K2: 1965 | L2: 1966 | M2: 1967 | N2: 1968 | O2: 1969 | P2: 1970 | Q2: 1971 | R2: 1972 | S2: 1973 | T2: 1974 | U2: 1975 | V2: 1976 | W2: 1977 | X2: 1978 | Y2: 1979 | Z2: 1980 | AA2: 1981 | AB2: 1982 | AC2: 1983 | AD2: 1984 | AE2: 1985 | AF2: 1986 | AG2: 1987 | AH2: 1988 | AI2: 1989 | AJ2: 1990 | AK2: 1991 | AL2: 1992 | AM2: 1993 | AN2: 1994 | AO2: 1995 | AP2: 1996 | AQ2: 1997 | AR2: 1998 | AS2: 1999 | AT2: 2000 | AU2: 2001 | AV2: 2002 | AW2: 2003 | AX2: 2004 | AY2: 2005 | AZ2: 2006 | BA2: 2007 | BB2: 2008 | BC2: 2009 | BD2: 2010 | BE2: 2011 | BF2: 2012
A3: 228 | B3: United Arab Emirates | C3: 1 | D3: 0 | E3: 78.386933 | F3: 84127.607 | G3: =IF($D3=1,IF(GDP_per_cap!C147>'all_1961-1990'!$H$1,0,IF(UrbanPopRate!C147>=$J$1,0,1)),0) -> 0 | H3: =IF($D3=1,IF(GDP_per_cap!D147>'all_1961-1990'!$H$1,0,IF(UrbanPopRate!D147>=$J$1,0,1)),0) -> 0 | I3: =IF($D3=1,IF(GDP_per_cap!E147>'all_1961-1990'!$H$1,0,IF(UrbanPopRate!E147>=$J$1,0,1)),0) -> 0 | J3: =IF($D3=1,IF(GDP_per_cap!F147>'all_1961-1990'!$H$1,0,IF(UrbanPopRate!F147>=$J$1,0,1)),0) -> 0 | K3: =IF($D3=1,IF(GDP_per_cap!G147>'all_1961-1990'!$H$1,0,IF(UrbanPopRate!G147>=$J$1,0,1)),0) -> 0 | L3: =IF($D3=1,IF(GDP_per_cap!H147>'all_1961-1990'!$H$1,0,IF(UrbanPopRate!H147>=$J$1,0,1)),0) -> 0 | M3: =IF($D3=1,IF(GDP_per_cap!I147>'all_1961-1990'!$H$1,0,IF(UrbanPopRate!I147>=$J$1,0,1)),0) -> 0 | N3: =IF($D3=1,IF(GDP_per_cap!J147>'all_1961-1990'!$H$1,0,IF(UrbanPopRate!J147>=$J$1,0,1)),0) -> 0 | ... BF3: =IF($D3=1,IF(GDP_per_cap!BB147>'all_1961-1990'!$H$1,0,IF(UrbanPopRate!BB147>=$J$1,0,1)),0) -> 0
A4: 210 | B4: Switzerland | C4: 1 | D4: 0 | E4: 59.261 | F4: 30299.48 | G4: =IF($D4=1,IF(GDP_per_cap!C134>'all_1961-1990'!$H$1,0,IF(UrbanPopRate!C134>=$J$1,0,1)),0) -> 0 | H4: =IF($D4=1,IF(GDP_per_cap!D134>'all_1961-1990'!$H$1,0,IF(UrbanPopRate!D134>=$J$1,0,1)),0) -> 0 | I4: =IF($D4=1,IF(GDP_per_cap!E134>'all_1961-1990'!$H$1,0,IF(UrbanPopRate!E134>=$J$1,0,1)),0) -> 0 | J4: =IF($D4=1,IF(GDP_per_cap!F134>'all_1961-1990'!$H$1,0,IF(UrbanPopRate!F134>=$J$1,0,1)),0) -> 0 | K4: =IF($D4=1,IF(GDP_per_cap!G134>'all_1961-1990'!$H$1,0,IF(UrbanPopRate!G134>=$J$1,0,1)),0) -> 0 | L4: =IF($D4=1,IF(GDP_per_cap!H134>'all_1961-1990'!$H$1,0,IF(UrbanPopRate!H134>=$J$1,0,1)),0) -> 0 | M4: =IF($D4=1,IF(GDP_per_cap!I134>'all_1961-1990'!$H$1,0,IF(UrbanPopRate!I134>=$J$1,0,1)),0) -> 0 | N4: =IF($D4=1,IF(GDP_per_cap!J134>'all_1961-1990'!$H$1,0,IF(UrbanPopRate!J134>=$J$1,0,1)),0) -> 0 | ... BF4: =IF($D4=1,IF(GDP_per_cap!BB134>'all_1961-1990'!$H$1,0,IF(UrbanPopRate!BB134>=$J$1,0,1)),0) -> 0
A5: 164 | B5: Norway | C5: 1 | D5: 0 | E5: 66.0246 | F5: 29664.01 | G5: =IF($D5=1,IF(GDP_per_cap!C105>'all_1961-1990'!$H$1,0,IF(UrbanPopRate!C105>=$J$1,0,1)),0) -> 0 | H5: =IF($D5=1,IF(GDP_per_cap!D105>'all_1961-1990'!$H$1,0,IF(UrbanPopRate!D105>=$J$1,0,1)),0) -> 0 | I5: =IF($D5=1,IF(GDP_per_cap!E105>'all_1961-1990'!$H$1,0,IF(UrbanPopRate!E105>=$J$1,0,1)),0) -> 0 | J5: =IF($D5=1,IF(GDP_per_cap!F105>'all_1961-1990'!$H$1,0,IF(UrbanPopRate!F105>=$J$1,0,1)),0) -> 0 | K5: =IF($D5=1,IF(GDP_per_cap!G105>'all_1961-1990'!$H$1,0,IF(UrbanPopRate!G105>=$J$1,0,1)),0) -> 0 | L5: =IF($D5=1,IF(GDP_per_cap!H105>'all_1961-1990'!$H$1,0,IF(UrbanPopRate!H105>=$J$1,0,1)),0) -> 0 | M5: =IF($D5=1,IF(GDP_per_cap!I105>'all_1961-1990'!$H$1,0,IF(UrbanPopRate!I105>=$J$1,0,1)),0) -> 0 | N5: =IF($D5=1,IF(GDP_per_cap!J105>'all_1961-1990'!$H$1,0,IF(UrbanPopRate!J105>=$J$1,0,1)),0) -> 0 | ... BF5: =IF($D5=1,IF(GDP_per_cap!BB105>'all_1961-1990'!$H$1,0,IF(UrbanPopRate!BB105>=$J$1,0,1)),0) -> 0
A6: 118 | B6: Kuwait | C6: 1 | D6: 0 | E6: 89.2906 | F6: 26520.202 | G6: =IF($D6=1,IF(GDP_per_cap!C76>'all_1961-1990'!$H$1,0,IF(UrbanPopRate!C76>=$J$1,0,1)),0) -> 0 | H6: =IF($D6=1,IF(GDP_per_cap!D76>'all_1961-1990'!$H$1,0,IF(UrbanPopRate!D76>=$J$1,0,1)),0) -> 0 | I6: =IF($D6=1,IF(GDP_per_cap!E76>'all_1961-1990'!$H$1,0,IF(UrbanPopRate!E76>=$J$1,0,1)),0) -> 0 | J6: =IF($D6=1,IF(GDP_per_cap!F76>'all_1961-1990'!$H$1,0,IF(UrbanPopRate!F76>=$J$1,0,1)),0) -> 0 | K6: =IF($D6=1,IF(GDP_per_cap!G76>'all_1961-1990'!$H$1,0,IF(UrbanPopRate!G76>=$J$1,0,1)),0) -> 0 | L6: =IF($D6=1,IF(GDP_per_cap!H76>'all_1961-1990'!$H$1,0,IF(UrbanPopRate!H76>=$J$1,0,1)),0) -> 0 | M6: =IF($D6=1,IF(GDP_per_cap!I76>'all_1961-1990'!$H$1,0,IF(UrbanPopRate!I76>=$J$1,0,1)),0) -> 0 | N6: =IF($D6=1,IF(GDP_per_cap!J76>'all_1961-1990'!$H$1,0,IF(UrbanPopRate!J76>=$J$1,0,1)),0) -> 0 | ... BF6: =IF($D6=1,IF(GDP_per_cap!BB76>'all_1961-1990'!$H$1,0,IF(UrbanPopRate!BB76>=$J$1,0,1)),0) -> 0
A7: 58 | B7: Czech Republic | C7: 1 | D7: 0 | E7: 69.303033 | F7: 25000 | G7: =IF($D7=1,IF(GDP_per_cap!C38>'all_1961-1990'!$H$1,0,IF(UrbanPopRate!C38>=$J$1,0,1)),0) -> 0 | H7: =IF($D7=1,IF(GDP_per_cap!D38>'all_1961-1990'!$H$1,0,IF(UrbanPopRate!D38>=$J$1,0,1)),0) -> 0 | I7: =IF($D7=1,IF(GDP_per_cap!E38>'all_1961-1990'!$H$1,0,IF(UrbanPopRate!E38>=$J$1,0,1)),0) -> 0 | J7: =IF($D7=1,IF(GDP_per_cap!F38>'all_1961-1990'!$H$1,0,IF(UrbanPopRate!F38>=$J$1,0,1)),0) -> 0 | K7: =IF($D7=1,IF(GDP_per_cap!G38>'all_1961-1990'!$H$1,0,IF(UrbanPopRate!G38>=$J$1,0,1)),0) -> 0 | L7: =IF($D7=1,IF(GDP_per_cap!H38>'all_1961-1990'!$H$1,0,IF(UrbanPopRate!H38>=$J$1,0,1)),0) -> 0 | M7: =IF($D7=1,IF(GDP_per_cap!I38>'all_1961-1990'!$H$1,0,IF(UrbanPopRate!I38>=$J$1,0,1)),0) -> 0 | N7: =IF($D7=1,IF(GDP_per_cap!J38>'all_1961-1990'!$H$1,0,IF(UrbanPopRate!J38>=$J$1,0,1)),0) -> 0 | ... BF7: =IF($D7=1,IF(GDP_per_cap!BB38>'all_1961-1990'!$H$1,0,IF(UrbanPopRate!BB38>=$J$1,0,1)),0) -> 0
A8: 15 | B8: Austria | C8: 1 | D8: 0 | E8: 65.319 | F8: 22919.097 | G8: =IF($D8=1,IF(GDP_per_cap!C9>'all_1961-1990'!$H$1,0,IF(UrbanPopRate!C9>=$J$1,0,1)),0) -> 0 | H8: =IF($D8=1,IF(GDP_per_cap!D9>'all_1961-1990'!$H$1,0,IF(UrbanPopRate!D9>=$J$1,0,1)),0) -> 0 | I8: =IF($D8=1,IF(GDP_per_cap!E9>'all_1961-1990'!$H$1,0,IF(UrbanPopRate!E9>=$J$1,0,1)),0) -> 0 | J8: =IF($D8=1,IF(GDP_per_cap!F9>'all_1961-1990'!$H$1,0,IF(UrbanPopRate!F9>=$J$1,0,1)),0) -> 0 | K8: =IF($D8=1,IF(GDP_per_cap!G9>'all_1961-1990'!$H$1,0,IF(UrbanPopRate!G9>=$J$1,0,1)),0) -> 0 | L8: =IF($D8=1,IF(GDP_per_cap!H9>'all_1961-1990'!$H$1,0,IF(UrbanPopRate!H9>=$J$1,0,1)),0) -> 0 | M8: =IF($D8=1,IF(GDP_per_cap!I9>'all_1961-1990'!$H$1,0,IF(UrbanPopRate!I9>=$J$1,0,1)),0) -> 0 | N8: =IF($D8=1,IF(GDP_per_cap!J9>'all_1961-1990'!$H$1,0,IF(UrbanPopRate!J9>=$J$1,0,1)),0) -> 0 | ... BF8: =IF($D8=1,IF(GDP_per_cap!BB9>'all_1961-1990'!$H$1,0,IF(UrbanPopRate!BB9>=$J$1,0,1)),0) -> 0
A9: 81 | B9: Germany | C9: 1 | D9: 0 | E9: 72.4614 | F9: 22853.347 | G9: =IF($D9=1,IF(GDP_per_cap!C52>'all_1961-1990'!$H$1,0,IF(UrbanPopRate!C52>=$J$1,0,1)),0) -> 0 | H9: =IF($D9=1,IF(GDP_per_cap!D52>'all_1961-1990'!$H$1,0,IF(UrbanPopRate!D52>=$J$1,0,1)),0) -> 0 | I9: =IF($D9=1,IF(GDP_per_cap!E52>'all_1961-1990'!$H$1,0,IF(UrbanPopRate!E52>=$J$1,0,1)),0) -> 0 | J9: =IF($D9=1,IF(GDP_per_cap!F52>'all_1961-1990'!$H$1,0,IF(UrbanPopRate!F52>=$J$1,0,1)),0) -> 0 | K9: =IF($D9=1,IF(GDP_per_cap!G52>'all_1961-1990'!$H$1,0,IF(UrbanPopRate!G52>=$J$1,0,1)),0) -> 0 | L9: =IF($D9=1,IF(GDP_per_cap!H52>'all_1961-1990'!$H$1,0,IF(UrbanPopRate!H52>=$J$1,0,1)),0) -> 0 | M9: =IF($D9=1,IF(GDP_per_cap!I52>'all_1961-1990'!$H$1,0,IF(UrbanPopRate!I52>=$J$1,0,1)),0) -> 0 | N9: =IF($D9=1,IF(GDP_per_cap!J52>'all_1961-1990'!$H$1,0,IF(UrbanPopRate!J52>=$J$1,0,1)),0) -> 0 | ... BF9: =IF($D9=1,IF(GDP_per_cap!BB52>'all_1961-1990'!$H$1,0,IF(UrbanPopRate!BB52>=$J$1,0,1)),0) -> 0
A10: 209 | B10: Sweden | C10: 1 | D10: 0 | E10: 80.977167 | F10: 22502.773 | G10: =IF($D10=1,IF(GDP_per_cap!C133>'all_1961-1990'!$H$1,0,IF(UrbanPopRate!C133>=$J$1,0,1)),0) -> 0 | H10: =IF($D10=1,IF(GDP_per_cap!D133>'all_1961-1990'!$H$1,0,IF(UrbanPopRate!D133>=$J$1,0,1)),0) -> 0 | I10: =IF($D10=1,IF(GDP_per_cap!E133>'all_1961-1990'!$H$1,0,IF(UrbanPopRate!E133>=$J$1,0,1)),0) -> 0 | J10: =IF($D10=1,IF(GDP_per_cap!F133>'all_1961-1990'!$H$1,0,IF(UrbanPopRate!F133>=$J$1,0,1)),0) -> 0 | K10: =IF($D10=1,IF(GDP_per_cap!G133>'all_1961-1990'!$H$1,0,IF(UrbanPopRate!G133>=$J$1,0,1)),0) -> 0 | L10: =IF($D10=1,IF(GDP_per_cap!H133>'all_1961-1990'!$H$1,0,IF(UrbanPopRate!H133>=$J$1,0,1)),0) -> 0 | M10: =IF($D10=1,IF(GDP_per_cap!I133>'all_1961-1990'!$H$1,0,IF(UrbanPopRate!I133>=$J$1,0,1)),0) -> 0 | N10: =IF($D10=1,IF(GDP_per_cap!J133>'all_1961-1990'!$H$1,0,IF(UrbanPopRate!J133>=$J$1,0,1)),0) -> 0 | ... BF10: =IF($D10=1,IF(GDP_per_cap!BB133>'all_1961-1990'!$H$1,0,IF(UrbanPopRate!BB133>=$J$1,0,1)),0) -> 0
A11: 191 | B11: Saudi Arabia | C11: 1 | D11: 0 | E11: 57.123967 | F11: 22209.259 | G11: =IF($D11=1,IF(GDP_per_cap!C121>'all_1961-1990'!$H$1,0,IF(UrbanPopRate!C121>=$J$1,0,1)),0) -> 0 | H11: =IF($D11=1,IF(GDP_per_cap!D121>'all_1961-1990'!$H$1,0,IF(UrbanPopRate!D121>=$J$1,0,1)),0) -> 0 | I11: =IF($D11=1,IF(GDP_per_cap!E121>'all_1961-1990'!$H$1,0,IF(UrbanPopRate!E121>=$J$1,0,1)),0) -> 0 | J11: =IF($D11=1,IF(GDP_per_cap!F121>'all_1961-1990'!$H$1,0,IF(UrbanPopRate!F121>=$J$1,0,1)),0) -> 0 | K11: =IF($D11=1,IF(GDP_per_cap!G121>'all_1961-1990'!$H$1,0,IF(UrbanPopRate!G121>=$J$1,0,1)),0) -> 0 | L11: =IF($D11=1,IF(GDP_per_cap!H121>'all_1961-1990'!$H$1,0,IF(UrbanPopRate!H121>=$J$1,0,1)),0) -> 0 | M11: =IF($D11=1,IF(GDP_per_cap!I121>'all_1961-1990'!$H$1,0,IF(UrbanPopRate!I121>=$J$1,0,1)),0) -> 0 | N11: =IF($D11=1,IF(GDP_per_cap!J121>'all_1961-1990'!$H$1,0,IF(UrbanPopRate!J121>=$J$1,0,1)),0) -> 0 | ... BF11: =IF($D11=1,IF(GDP_per_cap!BB121>'all_1961-1990'!$H$1,0,IF(UrbanPopRate!BB121>=$J$1,0,1)),0) -> 0
A12: 74 | B12: France | C12: 1 | D12: 0 | E12: 71.194933 | F12: 21928.43 | G12: =IF($D12=1,IF(GDP_per_cap!C48>'all_1961-1990'!$H$1,0,IF(UrbanPopRate!C48>=$J$1,0,1)),0) -> 0 | H12: =IF($D12=1,IF(GDP_per_cap!D48>'all_1961-1990'!$H$1,0,IF(UrbanPopRate!D48>=$J$1,0,1)),0) -> 0 | I12: =IF($D12=1,IF(GDP_per_cap!E48>'all_1961-1990'!$H$1,0,IF(UrbanPopRate!E48>=$J$1,0,1)),0) -> 0 | J12: =IF($D12=1,IF(GDP_per_cap!F48>'all_1961-1990'!$H$1,0,IF(UrbanPopRate!F48>=$J$1,0,1)),0) -> 0 | K12: =IF($D12=1,IF(GDP_per_cap!G48>'all_1961-1990'!$H$1,0,IF(UrbanPopRate!G48>=$J$1,0,1)),0) -> 0 | L12: =IF($D12=1,IF(GDP_per_cap!H48>'all_1961-1990'!$H$1,0,IF(UrbanPopRate!H48>=$J$1,0,1)),0) -> 0 | M12: =IF($D12=1,IF(GDP_per_cap!I48>'all_1961-1990'!$H$1,0,IF(UrbanPopRate!I48>=$J$1,0,1)),0) -> 0 | N12: =IF($D12=1,IF(GDP_per_cap!J48>'all_1961-1990'!$H$1,0,IF(UrbanPopRate!J48>=$J$1,0,1)),0) -> 0 | ... BF12: =IF($D12=1,IF(GDP_per_cap!BB48>'all_1961-1990'!$H$1,0,IF(UrbanPopRate!BB48>=$J$1,0,1)),0) -> 0
A13: 110 | B13: Japan | C13: 1 | D13: 0 | E13: 73.343033 | F13: 21875.4 | G13: =IF($D13=1,IF(GDP_per_cap!C70>'all_1961-1990'!$H$1,0,IF(UrbanPopRate!C70>=$J$1,0,1)),0) -> 0 | H13: =IF($D13=1,IF(GDP_per_cap!D70>'all_1961-1990'!$H$1,0,IF(UrbanPopRate!D70>=$J$1,0,1)),0) -> 0 | I13: =IF($D13=1,IF(GDP_per_cap!E70>'all_1961-1990'!$H$1,0,IF(UrbanPopRate!E70>=$J$1,0,1)),0) -> 0 | J13: =IF($D13=1,IF(GDP_per_cap!F70>'all_1961-1990'!$H$1,0,IF(UrbanPopRate!F70>=$J$1,0,1)),0) -> 0 | K13: =IF($D13=1,IF(GDP_per_cap!G70>'all_1961-1990'!$H$1,0,IF(UrbanPopRate!G70>=$J$1,0,1)),0) -> 0 | L13: =IF($D13=1,IF(GDP_per_cap!H70>'all_1961-1990'!$H$1,0,IF(UrbanPopRate!H70>=$J$1,0,1)),0) -> 0 | M13: =IF($D13=1,IF(GDP_per_cap!I70>'all_1961-1990'!$H$1,0,IF(UrbanPopRate!I70>=$J$1,0,1)),0) -> 0 | N13: =IF($D13=1,IF(GDP_per_cap!J70>'all_1961-1990'!$H$1,0,IF(UrbanPopRate!J70>=$J$1,0,1)),0) -> 0 | ... BF13: =IF($D13=1,IF(GDP_per_cap!BB70>'all_1961-1990'!$H$1,0,IF(UrbanPopRate!BB70>=$J$1,0,1)),0) -> 0
A14: 73 | B14: Finland | C14: 1 | D14: 0 | E14: 68.077367 | F14: 20449.505 | G14: =IF($D14=1,IF(GDP_per_cap!C47>'all_1961-1990'!$H$1,0,IF(UrbanPopRate!C47>=$J$1,0,1)),0) -> 0 | H14: =IF($D14=1,IF(GDP_per_cap!D47>'all_1961-1990'!$H$1,0,IF(UrbanPopRate!D47>=$J$1,0,1)),0) -> 0 | I14: =IF($D14=1,IF(GDP_per_cap!E47>'all_1961-1990'!$H$1,0,IF(UrbanPopRate!E47>=$J$1,0,1)),0) -> 0 | J14: =IF($D14=1,IF(GDP_per_cap!F47>'all_1961-1990'!$H$1,0,IF(UrbanPopRate!F47>=$J$1,0,1)),0) -> 0 | K14: =IF($D14=1,IF(GDP_per_cap!G47>'all_1961-1990'!$H$1,0,IF(UrbanPopRate!G47>=$J$1,0,1)),0) -> 0 | L14: =IF($D14=1,IF(GDP_per_cap!H47>'all_1961-1990'!$H$1,0,IF(UrbanPopRate!H47>=$J$1,0,1)),0) -> 0 | M14: =IF($D14=1,IF(GDP_per_cap!I47>'all_1961-1990'!$H$1,0,IF(UrbanPopRate!I47>=$J$1,0,1)),0) -> 0 | N14: =IF($D14=1,IF(GDP_per_cap!J47>'all_1961-1990'!$H$1,0,IF(UrbanPopRate!J47>=$J$1,0,1)),0) -> 0 | ... BF14: =IF($D14=1,IF(GDP_per_cap!BB47>'all_1961-1990'!$H$1,0,IF(UrbanPopRate!BB47>=$J$1,0,1)),0) -> 0
A15: 157 | B15: New Zealand | C15: 1 | D15: 0 | E15: 81.852733 | F15: 18754.859 | G15: =IF($D15=1,IF(GDP_per_cap!C101>'all_1961-1990'!$H$1,0,IF(UrbanPopRate!C101>=$J$1,0,1)),0) -> 0 | H15: =IF($D15=1,IF(GDP_per_cap!D101>'all_1961-1990'!$H$1,0,IF(UrbanPopRate!D101>=$J$1,0,1)),0) -> 0 | I15: =IF($D15=1,IF(GDP_per_cap!E101>'all_1961-1990'!$H$1,0,IF(UrbanPopRate!E101>=$J$1,0,1)),0) -> 0 | J15: =IF($D15=1,IF(GDP_per_cap!F101>'all_1961-1990'!$H$1,0,IF(UrbanPopRate!F101>=$J$1,0,1)),0) -> 0 | K15: =IF($D15=1,IF(GDP_per_cap!G101>'all_1961-1990'!$H$1,0,IF(UrbanPopRate!G101>=$J$1,0,1)),0) -> 0 | L15: =IF($D15=1,IF(GDP_per_cap!H101>'all_1961-1990'!$H$1,0,IF(UrbanPopRate!H101>=$J$1,0,1)),0) -> 0 | M15: =IF($D15=1,IF(GDP_per_cap!I101>'all_1961-1990'!$H$1,0,IF(UrbanPopRate!I101>=$J$1,0,1)),0) -> 0 | N15: =IF($D15=1,IF(GDP_per_cap!J101>'all_1961-1990'!$H$1,0,IF(UrbanPopRate!J101>=$J$1,0,1)),0) -> 0 | ... BF15: =IF($D15=1,IF(GDP_per_cap!BB101>'all_1961-1990'!$H$1,0,IF(UrbanPopRate!BB101>=$J$1,0,1)),0) -> 0
A16: 203 | B16: Spain | C16: 1 | D16: 0 | E16: 68.6209 | F16: 16883.632 | G16: =IF($D16=1,IF(GDP_per_cap!C129>'all_1961-1990'!$H$1,0,IF(UrbanPopRate!C129>=$J$1,0,1)),0) -> 0 | H16: =IF($D16=1,IF(GDP_per_cap!D129>'all_1961-1990'!$H$1,0,IF(UrbanPopRate!D129>=$J$1,0,1)),0) -> 0 | I16: =IF($D16=1,IF(GDP_per_cap!E129>'all_1961-1990'!$H$1,0,IF(UrbanPopRate!E129>=$J$1,0,1)),0) -> 0 | J16: =IF($D16=1,IF(GDP_per_cap!F129>'all_1961-1990'!$H$1,0,IF(UrbanPopRate!F129>=$J$1,0,1)),0) -> 0 | K16: =IF($D16=1,IF(GDP_per_cap!G129>'all_1961-1990'!$H$1,0,IF(UrbanPopRate!G129>=$J$1,0,1)),0) -> 0 | L16: =IF($D16=1,IF(GDP_per_cap!H129>'all_1961-1990'!$H$1,0,IF(UrbanPopRate!H129>=$J$1,0,1)),0) -> 0 | M16: =IF($D16=1,IF(GDP_per_cap!I129>'all_1961-1990'!$H$1,0,IF(UrbanPopRate!I129>=$J$1,0,1)),0) -> 0 | N16: =IF($D16=1,IF(GDP_per_cap!J129>'all_1961-1990'!$H$1,0,IF(UrbanPopRate!J129>=$J$1,0,1)),0) -> 0 | ... BF16: =IF($D16=1,IF(GDP_per_cap!BB129>'all_1961-1990'!$H$1,0,IF(UrbanPopRate!BB129>=$J$1,0,1)),0) -> 0
A17: 84 | B17: Greece | C17: 1 | D17: 0 | E17: 53.9962 | F17: 16659.472 | G17: =IF($D17=1,IF(GDP_per_cap!C54>'all_1961-1990'!$H$1,0,IF(UrbanPopRate!C54>=$J$1,0,1)),0) -> 0 | H17: =IF($D17=1,IF(GDP_per_cap!D54>'all_1961-1990'!$H$1,0,IF(UrbanPopRate!D54>=$J$1,0,1)),0) -> 0 | I17: =IF($D17=1,IF(GDP_per_cap!E54>'all_1961-1990'!$H$1,0,IF(UrbanPopRate!E54>=$J$1,0,1)),0) -> 0 | J17: =IF($D17=1,IF(GDP_per_cap!F54>'all_1961-1990'!$H$1,0,IF(UrbanPopRate!F54>=$J$1,0,1)),0) -> 0 | K17: =IF($D17=1,IF(GDP_per_cap!G54>'all_1961-1990'!$H$1,0,IF(UrbanPopRate!G54>=$J$1,0,1)),0) -> 0 | L17: =IF($D17=1,IF(GDP_per_cap!H54>'all_1961-1990'!$H$1,0,IF(UrbanPopRate!H54>=$J$1,0,1)),0) -> 0 | M17: =IF($D17=1,IF(GDP_per_cap!I54>'all_1961-1990'!$H$1,0,IF(UrbanPopRate!I54>=$J$1,0,1)),0) -> 0 | N17: =IF($D17=1,IF(GDP_per_cap!J54>'all_1961-1990'!$H$1,0,IF(UrbanPopRate!J54>=$J$1,0,1)),0) -> 0 | ... BF17: =IF($D17=1,IF(GDP_per_cap!BB54>'all_1961-1990'!$H$1,0,IF(UrbanPopRate!BB54>=$J$1,0,1)),0) -> 0
A18: 107 | B18: Israel | C18: 1 | D18: 0 | E18: 85.857267 | F18: 16454.964 | G18: =IF($D18=1,IF(GDP_per_cap!C67>'all_1961-1990'!$H$1,0,IF(UrbanPopRate!C67>=$J$1,0,1)),0) -> 0 | H18: =IF($D18=1,IF(GDP_per_cap!D67>'all_1961-1990'!$H$1,0,IF(UrbanPopRate!D67>=$J$1,0,1)),0) -> 0 | I18: =IF($D18=1,IF(GDP_per_cap!E67>'all_1961-1990'!$H$1,0,IF(UrbanPopRate!E67>=$J$1,0,1)),0) -> 0 | J18: =IF($D18=1,IF(GDP_per_cap!F67>'all_1961-1990'!$H$1,0,IF(UrbanPopRate!F67>=$J$1,0,1)),0) -> 0 | K18: =IF($D18=1,IF(GDP_per_cap!G67>'all_1961-1990'!$H$1,0,IF(UrbanPopRate!G67>=$J$1,0,1)),0) -> 0 | L18: =IF($D18=1,IF(GDP_per_cap!H67>'all_1961-1990'!$H$1,0,IF(UrbanPopRate!H67>=$J$1,0,1)),0) -> 0 | M18: =IF($D18=1,IF(GDP_per_cap!I67>'all_1961-1990'!$H$1,0,IF(UrbanPopRate!I67>=$J$1,0,1)),0) -> 0 | N18: =IF($D18=1,IF(GDP_per_cap!J67>'all_1961-1990'!$H$1,0,IF(UrbanPopRate!J67>=$J$1,0,1)),0) -> 0 | ... BF18: =IF($D18=1,IF(GDP_per_cap!BB67>'all_1961-1990'!$H$1,0,IF(UrbanPopRate!BB67>=$J$1,0,1)),0) -> 0
A19: 78 | B19: Gabon | C19: 1 | D19: 0 | E19: 44.045833 | F19: 15656.96 | G19: =IF($D19=1,IF(GDP_per_cap!C49>'all_1961-1990'!$H$1,0,IF(UrbanPopRate!C49>=$J$1,0,1)),0) -> 0 | H19: =IF($D19=1,IF(GDP_per_cap!D49>'all_1961-1990'!$H$1,0,IF(UrbanPopRate!D49>=$J$1,0,1)),0) -> 0 | I19: =IF($D19=1,IF(GDP_per_cap!E49>'all_1961-1990'!$H$1,0,IF(UrbanPopRate!E49>=$J$1,0,1)),0) -> 0 | J19: =IF($D19=1,IF(GDP_per_cap!F49>'all_1961-1990'!$H$1,0,IF(UrbanPopRate!F49>=$J$1,0,1)),0) -> 0 | K19: =IF($D19=1,IF(GDP_per_cap!G49>'all_1961-1990'!$H$1,0,IF(UrbanPopRate!G49>=$J$1,0,1)),0) -> 0 | L19: =IF($D19=1,IF(GDP_per_cap!H49>'all_1961-1990'!$H$1,0,IF(UrbanPopRate!H49>=$J$1,0,1)),0) -> 0 | M19: =IF($D19=1,IF(GDP_per_cap!I49>'all_1961-1990'!$H$1,0,IF(UrbanPopRate!I49>=$J$1,0,1)),0) -> 0 | N19: =IF($D19=1,IF(GDP_per_cap!J49>'all_1961-1990'!$H$1,0,IF(UrbanPopRate!J49>=$J$1,0,1)),0) -> 0 | ... BF19: =IF($D19=1,IF(GDP_per_cap!BB49>'all_1961-1990'!$H$1,0,IF(UrbanPopRate!BB49>=$J$1,0,1)),0) -> 0
A20: 105 | B20: Ireland | C20: 1 | D20: 0 | E20: 53.024233 | F20: 14370.902 | G20: =IF($D20=1,IF(GDP_per_cap!C66>'all_1961-1990'!$H$1,0,IF(UrbanPopRate!C66>=$J$1,0,1)),0) -> 0 | H20: =IF($D20=1,IF(GDP_per_cap!D66>'all_1961-1990'!$H$1,0,IF(UrbanPopRate!D66>=$J$1,0,1)),0) -> 0 | I20: =IF($D20=1,IF(GDP_per_cap!E66>'all_1961-1990'!$H$1,0,IF(UrbanPopRate!E66>=$J$1,0,1)),0) -> 0 | J20: =IF($D20=1,IF(GDP_per_cap!F66>'all_1961-1990'!$H$1,0,IF(UrbanPopRate!F66>=$J$1,0,1)),0) -> 0 | K20: =IF($D20=1,IF(GDP_per_cap!G66>'all_1961-1990'!$H$1,0,IF(UrbanPopRate!G66>=$J$1,0,1)),0) -> 0 | L20: =IF($D20=1,IF(GDP_per_cap!H66>'all_1961-1990'!$H$1,0,IF(UrbanPopRate!H66>=$J$1,0,1)),0) -> 0 | M20: =IF($D20=1,IF(GDP_per_cap!I66>'all_1961-1990'!$H$1,0,IF(UrbanPopRate!I66>=$J$1,0,1)),0) -> 0 | N20: =IF($D20=1,IF(GDP_per_cap!J66>'all_1961-1990'!$H$1,0,IF(UrbanPopRate!J66>=$J$1,0,1)),0) -> 0 | ... BF20: =IF($D20=1,IF(GDP_per_cap!BB66>'all_1961-1990'!$H$1,0,IF(UrbanPopRate!BB66>=$J$1,0,1)),0) -> 0
A21: 176 | B21: Portugal | C21: 1 | D21: 0 | E21: 41.2105 | F21: 13353.044 | G21: =IF($D21=1,IF(GDP_per_cap!C115>'all_1961-1990'!$H$1,0,IF(UrbanPopRate!C115>=$J$1,0,1)),0) -> 0 | H21: =IF($D21=1,IF(GDP_per_cap!D115>'all_1961-1990'!$H$1,0,IF(UrbanPopRate!D115>=$J$1,0,1)),0) -> 0 | I21: =IF($D21=1,IF(GDP_per_cap!E115>'all_1961-1990'!$H$1,0,IF(UrbanPopRate!E115>=$J$1,0,1)),0) -> 0 | J21: =IF($D21=1,IF(GDP_per_cap!F115>'all_1961-1990'!$H$1,0,IF(UrbanPopRate!F115>=$J$1,0,1)),0) -> 0 | K21: =IF($D21=1,IF(GDP_per_cap!G115>'all_1961-1990'!$H$1,0,IF(UrbanPopRate!G115>=$J$1,0,1)),0) -> 0 | L21: =IF($D21=1,IF(GDP_per_cap!H115>'all_1961-1990'!$H$1,0,IF(UrbanPopRate!H115>=$J$1,0,1)),0) -> 0 | M21: =IF($D21=1,IF(GDP_per_cap!I115>'all_1961-1990'!$H$1,0,IF(UrbanPopRate!I115>=$J$1,0,1)),0) -> 0 | N21: =IF($D21=1,IF(GDP_per_cap!J115>'all_1961-1990'!$H$1,0,IF(UrbanPopRate!J115>=$J$1,0,1)),0) -> 0 | ... BF21: =IF($D21=1,IF(GDP_per_cap!BB115>'all_1961-1990'!$H$1,0,IF(UrbanPopRate!BB115>=$J$1,0,1)),0) -> 0
A22: 125 | B22: Libyan Arab Jamahiriya | C22: 1 | D22: 0 | E22: 58.004833 | F22: 13000 | G22: =IF($D22=1,IF(GDP_per_cap!C83>'all_1961-1990'!$H$1,0,IF(UrbanPopRate!C83>=$J$1,0,1)),0) -> 0 | H22: =IF($D22=1,IF(GDP_per_cap!D83>'all_1961-1990'!$H$1,0,IF(UrbanPopRate!D83>=$J$1,0,1)),0) -> 0 | I22: =IF($D22=1,IF(GDP_per_cap!E83>'all_1961-1990'!$H$1,0,IF(UrbanPopRate!E83>=$J$1,0,1)),0) -> 0 | J22: =IF($D22=1,IF(GDP_per_cap!F83>'all_1961-1990'!$H$1,0,IF(UrbanPopRate!F83>=$J$1,0,1)),0) -> 0 | K22: =IF($D22=1,IF(GDP_per_cap!G83>'all_1961-1990'!$H$1,0,IF(UrbanPopRate!G83>=$J$1,0,1)),0) -> 0 | L22: =IF($D22=1,IF(GDP_per_cap!H83>'all_1961-1990'!$H$1,0,IF(UrbanPopRate!H83>=$J$1,0,1)),0) -> 0 | M22: =IF($D22=1,IF(GDP_per_cap!I83>'all_1961-1990'!$H$1,0,IF(UrbanPopRate!I83>=$J$1,0,1)),0) -> 0 | N22: =IF($D22=1,IF(GDP_per_cap!J83>'all_1961-1990'!$H$1,0,IF(UrbanPopRate!J83>=$J$1,0,1)),0) -> 0 | ... BF22: =IF($D22=1,IF(GDP_per_cap!BB83>'all_1961-1990'!$H$1,0,IF(UrbanPopRate!BB83>=$J$1,0,1)),0) -> 0
A23: 220 | B23: Trinidad And Tobago | C23: 1 | D23: 0 | E23: 11.685833 | F23: 12779.41 | G23: =IF($D23=1,IF(GDP_per_cap!C141>'all_1961-1990'!$H$1,0,IF(UrbanPopRate!C141>=$J$1,0,1)),0) -> 0 | H23: =IF($D23=1,IF(GDP_per_cap!D141>'all_1961-1990'!$H$1,0,IF(UrbanPopRate!D141>=$J$1,0,1)),0) -> 0 | I23: =IF($D23=1,IF(GDP_per_cap!E141>'all_1961-1990'!$H$1,0,IF(UrbanPopRate!E141>=$J$1,0,1)),0) -> 0 | J23: =IF($D23=1,IF(GDP_per_cap!F141>'all_1961-1990'!$H$1,0,IF(UrbanPopRate!F141>=$J$1,0,1)),0) -> 0 | K23: =IF($D23=1,IF(GDP_per_cap!G141>'all_1961-1990'!$H$1,0,IF(UrbanPopRate!G141>=$J$1,0,1)),0) -> 0 | L23: =IF($D23=1,IF(GDP_per_cap!H141>'all_1961-1990'!$H$1,0,IF(UrbanPopRate!H141>=$J$1,0,1)),0) -> 0 | M23: =IF($D23=1,IF(GDP_per_cap!I141>'all_1961-1990'!$H$1,0,IF(UrbanPopRate!I141>=$J$1,0,1)),0) -> 0 | N23: =IF($D23=1,IF(GDP_per_cap!J141>'all_1961-1990'!$H$1,0,IF(UrbanPopRate!J141>=$J$1,0,1)),0) -> 0 | ... BF23: =IF($D23=1,IF(GDP_per_cap!BB141>'all_1961-1990'!$H$1,0,IF(UrbanPopRate!BB141>=$J$1,0,1)),0) -> 0
A24: 142 | B24: Mexico | C24: 1 | D24: 0 | E24: 62.525433 | F24: 10010.128 | G24: =IF($D24=1,IF(GDP_per_cap!C92>'all_1961-1990'!$H$1,0,IF(UrbanPopRate!C92>=$J$1,0,1)),0) -> 0 | H24: =IF($D24=1,IF(GDP_per_cap!D92>'all_1961-1990'!$H$1,0,IF(UrbanPopRate!D92>=$J$1,0,1)),0) -> 0 | I24: =IF($D24=1,IF(GDP_per_cap!E92>'all_1961-1990'!$H$1,0,IF(UrbanPopRate!E92>=$J$1,0,1)),0) -> 0 | J24: =IF($D24=1,IF(GDP_per_cap!F92>'all_1961-1990'!$H$1,0,IF(UrbanPopRate!F92>=$J$1,0,1)),0) -> 0 | K24: =IF($D24=1,IF(GDP_per_cap!G92>'all_1961-1990'!$H$1,0,IF(UrbanPopRate!G92>=$J$1,0,1)),0) -> 0 | L24: =IF($D24=1,IF(GDP_per_cap!H92>'all_1961-1990'!$H$1,0,IF(UrbanPopRate!H92>=$J$1,0,1)),0) -> 0 | M24: =IF($D24=1,IF(GDP_per_cap!I92>'all_1961-1990'!$H$1,0,IF(UrbanPopRate!I92>=$J$1,0,1)),0) -> 0 | N24: =IF($D24=1,IF(GDP_per_cap!J92>'all_1961-1990'!$H$1,0,IF(UrbanPopRate!J92>=$J$1,0,1)),0) -> 0 | ... BF24: =IF($D24=1,IF(GDP_per_cap!BB92>'all_1961-1990'!$H$1,0,IF(UrbanPopRate!BB92>=$J$1,0,1)),0) -> 0
A25: 56 | B25: Cuba | C25: 2 | D25: 0 | E25: 65.0408 | F25: 9900 | G25: =IF($D25=1,IF(GDP_per_cap!C36>'all_1961-1990'!$H$1,0,IF(UrbanPopRate!C36>=$J$1,0,1)),0) -> 0 | H25: =IF($D25=1,IF(GDP_per_cap!D36>'all_1961-1990'!$H$1,0,IF(UrbanPopRate!D36>=$J$1,0,1)),0) -> 0 | I25: =IF($D25=1,IF(GDP_per_cap!E36>'all_1961-1990'!$H$1,0,IF(UrbanPopRate!E36>=$J$1,0,1)),0) -> 0 | J25: =IF($D25=1,IF(GDP_per_cap!F36>'all_1961-1990'!$H$1,0,IF(UrbanPopRate!F36>=$J$1,0,1)),0) -> 0 | K25: =IF($D25=1,IF(GDP_per_cap!G36>'all_1961-1990'!$H$1,0,IF(UrbanPopRate!G36>=$J$1,0,1)),0) -> 0 | L25: =IF($D25=1,IF(GDP_per_cap!H36>'all_1961-1990'!$H$1,0,IF(UrbanPopRate!H36>=$J$1,0,1)),0) -> 0 | M25: =IF($D25=1,IF(GDP_per_cap!I36>'all_1961-1990'!$H$1,0,IF(UrbanPopRate!I36>=$J$1,0,1)),0) -> 0 | N25: =IF($D25=1,IF(GDP_per_cap!J36>'all_1961-1990'!$H$1,0,IF(UrbanPopRate!J36>=$J$1,0,1)),0) -> 0 | ... BF25: =IF($D25=1,IF(GDP_per_cap!BB36>'all_1961-1990'!$H$1,0,IF(UrbanPopRate!BB36>=$J$1,0,1)),0) -> 0
A26: 11 | B26: Argentina | C26: 2 | D26: 0 | E26: 80.962967 | F26: 8559.8257 | G26: =IF($D26=1,IF(GDP_per_cap!C6>'all_1961-1990'!$H$1,0,IF(UrbanPopRate!C6>=$J$1,0,1)),0) -> 0 | H26: =IF($D26=1,IF(GDP_per_cap!D6>'all_1961-1990'!$H$1,0,IF(UrbanPopRate!D6>=$J$1,0,1)),0) -> 0 | I26: =IF($D26=1,IF(GDP_per_cap!E6>'all_1961-1990'!$H$1,0,IF(UrbanPopRate!E6>=$J$1,0,1)),0) -> 0 | J26: =IF($D26=1,IF(GDP_per_cap!F6>'all_1961-1990'!$H$1,0,IF(UrbanPopRate!F6>=$J$1,0,1)),0) -> 0 | K26: =IF($D26=1,IF(GDP_per_cap!G6>'all_1961-1990'!$H$1,0,IF(UrbanPopRate!G6>=$J$1,0,1)),0) -> 0 | L26: =IF($D26=1,IF(GDP_per_cap!H6>'all_1961-1990'!$H$1,0,IF(UrbanPopRate!H6>=$J$1,0,1)),0) -> 0 | M26: =IF($D26=1,IF(GDP_per_cap!I6>'all_1961-1990'!$H$1,0,IF(UrbanPopRate!I6>=$J$1,0,1)),0) -> 0 | N26: =IF($D26=1,IF(GDP_per_cap!J6>'all_1961-1990'!$H$1,0,IF(UrbanPopRate!J6>=$J$1,0,1)),0) -> 0 | ... BF26: =IF($D26=1,IF(GDP_per_cap!BB6>'all_1961-1990'!$H$1,0,IF(UrbanPopRate!BB6>=$J$1,0,1)),0) -> 0
A27: 180 | B27: Romania | C27: 2 | D27: 0 | E27: 43.6953 | F27: 8459.8776 | G27: =IF($D27=1,IF(GDP_per_cap!C118>'all_1961-1990'!$H$1,0,IF(UrbanPopRate!C118>=$J$1,0,1)),0) -> 0 | H27: =IF($D27=1,IF(GDP_per_cap!D118>'all_1961-1990'!$H$1,0,IF(UrbanPopRate!D118>=$J$1,0,1)),0) -> 0 | I27: =IF($D27=1,IF(GDP_per_cap!E118>'all_1961-1990'!$H$1,0,IF(UrbanPopRate!E118>=$J$1,0,1)),0) -> 0 | J27: =IF($D27=1,IF(GDP_per_cap!F118>'all_1961-1990'!$H$1,0,IF(UrbanPopRate!F118>=$J$1,0,1)),0) -> 0 | K27: =IF($D27=1,IF(GDP_per_cap!G118>'all_1961-1990'!$H$1,0,IF(UrbanPopRate!G118>=$J$1,0,1)),0) -> 0 | L27: =IF($D27=1,IF(GDP_per_cap!H118>'all_1961-1990'!$H$1,0,IF(UrbanPopRate!H118>=$J$1,0,1)),0) -> 0 | M27: =IF($D27=1,IF(GDP_per_cap!I118>'all_1961-1990'!$H$1,0,IF(UrbanPopRate!I118>=$J$1,0,1)),0) -> 0 | N27: =IF($D27=1,IF(GDP_per_cap!J118>'all_1961-1990'!$H$1,0,IF(UrbanPopRate!J118>=$J$1,0,1)),0) -> 0 | ... BF27: =IF($D27=1,IF(GDP_per_cap!BB118>'all_1961-1990'!$H$1,0,IF(UrbanPopRate!BB118>=$J$1,0,1)),0) -> 0
A28: 201 | B28: South Africa | C28: 2 | D28: 0 | E28: 48.472133 | F28: 8332.6196 | G28: =IF($D28=1,IF(GDP_per_cap!C128>'all_1961-1990'!$H$1,0,IF(UrbanPopRate!C128>=$J$1,0,1)),0) -> 0 | H28: =IF($D28=1,IF(GDP_per_cap!D128>'all_1961-1990'!$H$1,0,IF(UrbanPopRate!D128>=$J$1,0,1)),0) -> 0 | I28: =IF($D28=1,IF(GDP_per_cap!E128>'all_1961-1990'!$H$1,0,IF(UrbanPopRate!E128>=$J$1,0,1)),0) -> 0 | J28: =IF($D28=1,IF(GDP_per_cap!F128>'all_1961-1990'!$H$1,0,IF(UrbanPopRate!F128>=$J$1,0,1)),0) -> 0 | K28: =IF($D28=1,IF(GDP_per_cap!G128>'all_1961-1990'!$H$1,0,IF(UrbanPopRate!G128>=$J$1,0,1)),0) -> 0 | L28: =IF($D28=1,IF(GDP_per_cap!H128>'all_1961-1990'!$H$1,0,IF(UrbanPopRate!H128>=$J$1,0,1)),0) -> 0 | M28: =IF($D28=1,IF(GDP_per_cap!I128>'all_1961-1990'!$H$1,0,IF(UrbanPopRate!I128>=$J$1,0,1)),0) -> 0 | N28: =IF($D28=1,IF(GDP_per_cap!J128>'all_1961-1990'!$H$1,0,IF(UrbanPopRate!J128>=$J$1,0,1)),0) -> 0 | ... BF28: =IF($D28=1,IF(GDP_per_cap!BB128>'all_1961-1990'!$H$1,0,IF(UrbanPopRate!BB128>=$J$1,0,1)),0) -> 0
A29: 175 | B29: Poland | C29: 2 | D29: 0 | E29: 55.2463 | F29: 8180.3731 | G29: =IF($D29=1,IF(GDP_per_cap!C114>'all_1961-1990'!$H$1,0,IF(UrbanPopRate!C114>=$J$1,0,1)),0) -> 0 | H29: =IF($D29=1,IF(GDP_per_cap!D114>'all_1961-1990'!$H$1,0,IF(UrbanPopRate!D114>=$J$1,0,1)),0) -> 0 | I29: =IF($D29=1,IF(GDP_per_cap!E114>'all_1961-1990'!$H$1,0,IF(UrbanPopRate!E114>=$J$1,0,1)),0) -> 0 | J29: =IF($D29=1,IF(GDP_per_cap!F114>'all_1961-1990'!$H$1,0,IF(UrbanPopRate!F114>=$J$1,0,1)),0) -> 0 | K29: =IF($D29=1,IF(GDP_per_cap!G114>'all_1961-1990'!$H$1,0,IF(UrbanPopRate!G114>=$J$1,0,1)),0) -> 0 | L29: =IF($D29=1,IF(GDP_per_cap!H114>'all_1961-1990'!$H$1,0,IF(UrbanPopRate!H114>=$J$1,0,1)),0) -> 0 | M29: =IF($D29=1,IF(GDP_per_cap!I114>'all_1961-1990'!$H$1,0,IF(UrbanPopRate!I114>=$J$1,0,1)),0) -> 0 | N29: =IF($D29=1,IF(GDP_per_cap!J114>'all_1961-1990'!$H$1,0,IF(UrbanPopRate!J114>=$J$1,0,1)),0) -> 0 | ... BF29: =IF($D29=1,IF(GDP_per_cap!BB114>'all_1961-1990'!$H$1,0,IF(UrbanPopRate!BB114>=$J$1,0,1)),0) -> 0
A30: 117 | B30: Korea, Republic Of | C30: 2 | D30: 0 | E30: 49.679067 | F30: 7909.6841 | G30: =IF($D30=1,IF(GDP_per_cap!C75>'all_1961-1990'!$H$1,0,IF(UrbanPopRate!C75>=$J$1,0,1)),0) -> 0 | H30: =IF($D30=1,IF(GDP_per_cap!D75>'all_1961-1990'!$H$1,0,IF(UrbanPopRate!D75>=$J$1,0,1)),0) -> 0 | I30: =IF($D30=1,IF(GDP_per_cap!E75>'all_1961-1990'!$H$1,0,IF(UrbanPopRate!E75>=$J$1,0,1)),0) -> 0 | J30: =IF($D30=1,IF(GDP_per_cap!F75>'all_1961-1990'!$H$1,0,IF(UrbanPopRate!F75>=$J$1,0,1)),0) -> 0 | K30: =IF($D30=1,IF(GDP_per_cap!G75>'all_1961-1990'!$H$1,0,IF(UrbanPopRate!G75>=$J$1,0,1)),0) -> 0 | L30: =IF($D30=1,IF(GDP_per_cap!H75>'all_1961-1990'!$H$1,0,IF(UrbanPopRate!H75>=$J$1,0,1)),0) -> 0 | M30: =IF($D30=1,IF(GDP_per_cap!I75>'all_1961-1990'!$H$1,0,IF(UrbanPopRate!I75>=$J$1,0,1)),0) -> 0 | N30: =IF($D30=1,IF(GDP_per_cap!J75>'all_1961-1990'!$H$1,0,IF(UrbanPopRate!J75>=$J$1,0,1)),0) -> 0 | ... BF30: =IF($D30=1,IF(GDP_per_cap!BB75>'all_1961-1990'!$H$1,0,IF(UrbanPopRate!BB75>=$J$1,0,1)),0) -> 0
A31: 31 | B31: Brazil | C31: 2 | D31: 0 | E31: 60.978967 | F31: 7199.3902 | G31: =IF($D31=1,IF(GDP_per_cap!C19>'all_1961-1990'!$H$1,0,IF(UrbanPopRate!C19>=$J$1,0,1)),0) -> 0 | H31: =IF($D31=1,IF(GDP_per_cap!D19>'all_1961-1990'!$H$1,0,IF(UrbanPopRate!D19>=$J$1,0,1)),0) -> 0 | I31: =IF($D31=1,IF(GDP_per_cap!E19>'all_1961-1990'!$H$1,0,IF(UrbanPopRate!E19>=$J$1,0,1)),0) -> 0 | J31: =IF($D31=1,IF(GDP_per_cap!F19>'all_1961-1990'!$H$1,0,IF(UrbanPopRate!F19>=$J$1,0,1)),0) -> 0 | K31: =IF($D31=1,IF(GDP_per_cap!G19>'all_1961-1990'!$H$1,0,IF(UrbanPopRate!G19>=$J$1,0,1)),0) -> 0 | L31: =IF($D31=1,IF(GDP_per_cap!H19>'all_1961-1990'!$H$1,0,IF(UrbanPopRate!H19>=$J$1,0,1)),0) -> 0 | M31: =IF($D31=1,IF(GDP_per_cap!I19>'all_1961-1990'!$H$1,0,IF(UrbanPopRate!I19>=$J$1,0,1)),0) -> 0 | N31: =IF($D31=1,IF(GDP_per_cap!J19>'all_1961-1990'!$H$1,0,IF(UrbanPopRate!J19>=$J$1,0,1)),0) -> 0 | ... BF31: =IF($D31=1,IF(GDP_per_cap!BB19>'all_1961-1990'!$H$1,0,IF(UrbanPopRate!BB19>=$J$1,0,1)),0) -> 0
A32: 34 | B32: Bulgaria | C32: 2 | D32: 0 | E32: 56.1622 | F32: 7087.3317 | G32: =IF($D32=1,IF(GDP_per_cap!C20>'all_1961-1990'!$H$1,0,IF(UrbanPopRate!C20>=$J$1,0,1)),0) -> 0 | H32: =IF($D32=1,IF(GDP_per_cap!D20>'all_1961-1990'!$H$1,0,IF(UrbanPopRate!D20>=$J$1,0,1)),0) -> 0 | I32: =IF($D32=1,IF(GDP_per_cap!E20>'all_1961-1990'!$H$1,0,IF(UrbanPopRate!E20>=$J$1,0,1)),0) -> 0 | J32: =IF($D32=1,IF(GDP_per_cap!F20>'all_1961-1990'!$H$1,0,IF(UrbanPopRate!F20>=$J$1,0,1)),0) -> 0 | K32: =IF($D32=1,IF(GDP_per_cap!G20>'all_1961-1990'!$H$1,0,IF(UrbanPopRate!G20>=$J$1,0,1)),0) -> 0 | L32: =IF($D32=1,IF(GDP_per_cap!H20>'all_1961-1990'!$H$1,0,IF(UrbanPopRate!H20>=$J$1,0,1)),0) -> 0 | M32: =IF($D32=1,IF(GDP_per_cap!I20>'all_1961-1990'!$H$1,0,IF(UrbanPopRate!I20>=$J$1,0,1)),0) -> 0 | N32: =IF($D32=1,IF(GDP_per_cap!J20>'all_1961-1990'!$H$1,0,IF(UrbanPopRate!J20>=$J$1,0,1)),0) -> 0 | ... BF32: =IF($D32=1,IF(GDP_per_cap!BB20>'all_1961-1990'!$H$1,0,IF(UrbanPopRate!BB20>=$J$1,0,1)),0) -> 0
A33: 232 | B33: Uruguay | C33: 2 | D33: 0 | E33: 84.191867 | F33: 6956.3323 | G33: =IF($D33=1,IF(GDP_per_cap!C150>'all_1961-1990'!$H$1,0,IF(UrbanPopRate!C150>=$J$1,0,1)),0) -> 0 | H33: =IF($D33=1,IF(GDP_per_cap!D150>'all_1961-1990'!$H$1,0,IF(UrbanPopRate!D150>=$J$1,0,1)),0) -> 0 | I33: =IF($D33=1,IF(GDP_per_cap!E150>'all_1961-1990'!$H$1,0,IF(UrbanPopRate!E150>=$J$1,0,1)),0) -> 0 | J33: =IF($D33=1,IF(GDP_per_cap!F150>'all_1961-1990'!$H$1,0,IF(UrbanPopRate!F150>=$J$1,0,1)),0) -> 0 | K33: =IF($D33=1,IF(GDP_per_cap!G150>'all_1961-1990'!$H$1,0,IF(UrbanPopRate!G150>=$J$1,0,1)),0) -> 0 | L33: =IF($D33=1,IF(GDP_per_cap!H150>'all_1961-1990'!$H$1,0,IF(UrbanPopRate!H150>=$J$1,0,1)),0) -> 0 | M33: =IF($D33=1,IF(GDP_per_cap!I150>'all_1961-1990'!$H$1,0,IF(UrbanPopRate!I150>=$J$1,0,1)),0) -> 0 | N33: =IF($D33=1,IF(GDP_per_cap!J150>'all_1961-1990'!$H$1,0,IF(UrbanPopRate!J150>=$J$1,0,1)),0) -> 0 | ... BF33: =IF($D33=1,IF(GDP_per_cap!BB150>'all_1961-1990'!$H$1,0,IF(UrbanPopRate!BB150>=$J$1,0,1)),0) -> 0
A34: 169 | B34: Panama | C34: 2 | D34: 0 | E34: 48.7452 | F34: 6610.2076 | G34: =IF($D34=1,IF(GDP_per_cap!C109>'all_1961-1990'!$H$1,0,IF(UrbanPopRate!C109>=$J$1,0,1)),0) -> 0 | H34: =IF($D34=1,IF(GDP_per_cap!D109>'all_1961-1990'!$H$1,0,IF(UrbanPopRate!D109>=$J$1,0,1)),0) -> 0 | I34: =IF($D34=1,IF(GDP_per_cap!E109>'all_1961-1990'!$H$1,0,IF(UrbanPopRate!E109>=$J$1,0,1)),0) -> 0 | J34: =IF($D34=1,IF(GDP_per_cap!F109>'all_1961-1990'!$H$1,0,IF(UrbanPopRate!F109>=$J$1,0,1)),0) -> 0 | K34: =IF($D34=1,IF(GDP_per_cap!G109>'all_1961-1990'!$H$1,0,IF(UrbanPopRate!G109>=$J$1,0,1)),0) -> 0 | L34: =IF($D34=1,IF(GDP_per_cap!H109>'all_1961-1990'!$H$1,0,IF(UrbanPopRate!H109>=$J$1,0,1)),0) -> 0 | M34: =IF($D34=1,IF(GDP_per_cap!I109>'all_1961-1990'!$H$1,0,IF(UrbanPopRate!I109>=$J$1,0,1)),0) -> 0 | N34: =IF($D34=1,IF(GDP_per_cap!J109>'all_1961-1990'!$H$1,0,IF(UrbanPopRate!J109>=$J$1,0,1)),0) -> 0 | ... BF34: =IF($D34=1,IF(GDP_per_cap!BB109>'all_1961-1990'!$H$1,0,IF(UrbanPopRate!BB109>=$J$1,0,1)),0) -> 0
A35: 103 | B35: Iran, Islamic Republic Of | C35: 2 | D35: 0 | E35: 45.7345 | F35: 6601.6239 | G35: =IF($D35=1,IF(GDP_per_cap!C64>'all_1961-1990'!$H$1,0,IF(UrbanPopRate!C64>=$J$1,0,1)),0) -> 0 | H35: =IF($D35=1,IF(GDP_per_cap!D64>'all_1961-1990'!$H$1,0,IF(UrbanPopRate!D64>=$J$1,0,1)),0) -> 0 | I35: =IF($D35=1,IF(GDP_per_cap!E64>'all_1961-1990'!$H$1,0,IF(UrbanPopRate!E64>=$J$1,0,1)),0) -> 0 | J35: =IF($D35=1,IF(GDP_per_cap!F64>'all_1961-1990'!$H$1,0,IF(UrbanPopRate!F64>=$J$1,0,1)),0) -> 0 | K35: =IF($D35=1,IF(GDP_per_cap!G64>'all_1961-1990'!$H$1,0,IF(UrbanPopRate!G64>=$J$1,0,1)),0) -> 0 | L35: =IF($D35=1,IF(GDP_per_cap!H64>'all_1961-1990'!$H$1,0,IF(UrbanPopRate!H64>=$J$1,0,1)),0) -> 0 | M35: =IF($D35=1,IF(GDP_per_cap!I64>'all_1961-1990'!$H$1,0,IF(UrbanPopRate!I64>=$J$1,0,1)),0) -> 0 | N35: =IF($D35=1,IF(GDP_per_cap!J64>'all_1961-1990'!$H$1,0,IF(UrbanPopRate!J64>=$J$1,0,1)),0) -> 0 | ... BF35: =IF($D35=1,IF(GDP_per_cap!BB64>'all_1961-1990'!$H$1,0,IF(UrbanPopRate!BB64>=$J$1,0,1)),0) -> 0
A36: 4 | B36: Algeria | C36: 2 | D36: 0 | E36: 42.073 | F36: 6503.1951 | G36: =IF($D36=1,IF(GDP_per_cap!C4>'all_1961-1990'!$H$1,0,IF(UrbanPopRate!C4>=$J$1,0,1)),0) -> 0 | H36: =IF($D36=1,IF(GDP_per_cap!D4>'all_1961-1990'!$H$1,0,IF(UrbanPopRate!D4>=$J$1,0,1)),0) -> 0 | I36: =IF($D36=1,IF(GDP_per_cap!E4>'all_1961-1990'!$H$1,0,IF(UrbanPopRate!E4>=$J$1,0,1)),0) -> 0 | J36: =IF($D36=1,IF(GDP_per_cap!F4>'all_1961-1990'!$H$1,0,IF(UrbanPopRate!F4>=$J$1,0,1)),0) -> 0 | K36: =IF($D36=1,IF(GDP_per_cap!G4>'all_1961-1990'!$H$1,0,IF(UrbanPopRate!G4>=$J$1,0,1)),0) -> 0 | L36: =IF($D36=1,IF(GDP_per_cap!H4>'all_1961-1990'!$H$1,0,IF(UrbanPopRate!H4>=$J$1,0,1)),0) -> 0 | M36: =IF($D36=1,IF(GDP_per_cap!I4>'all_1961-1990'!$H$1,0,IF(UrbanPopRate!I4>=$J$1,0,1)),0) -> 0 | N36: =IF($D36=1,IF(GDP_per_cap!J4>'all_1961-1990'!$H$1,0,IF(UrbanPopRate!J4>=$J$1,0,1)),0) -> 0 | ... BF36: =IF($D36=1,IF(GDP_per_cap!BB4>'all_1961-1990'!$H$1,0,IF(UrbanPopRate!BB4>=$J$1,0,1)),0) -> 0
A37: 122 | B37: Lebanon | C37: 2 | D37: 0 | E37: 66.2152 | F37: 6131.0894 | G37: =IF($D37=1,IF(GDP_per_cap!C80>'all_1961-1990'!$H$1,0,IF(UrbanPopRate!C80>=$J$1,0,1)),0) -> 0 | H37: =IF($D37=1,IF(GDP_per_cap!D80>'all_1961-1990'!$H$1,0,IF(UrbanPopRate!D80>=$J$1,0,1)),0) -> 0 | I37: =IF($D37=1,IF(GDP_per_cap!E80>'all_1961-1990'!$H$1,0,IF(UrbanPopRate!E80>=$J$1,0,1)),0) -> 0 | J37: =IF($D37=1,IF(GDP_per_cap!F80>'all_1961-1990'!$H$1,0,IF(UrbanPopRate!F80>=$J$1,0,1)),0) -> 0 | K37: =IF($D37=1,IF(GDP_per_cap!G80>'all_1961-1990'!$H$1,0,IF(UrbanPopRate!G80>=$J$1,0,1)),0) -> 0 | L37: =IF($D37=1,IF(GDP_per_cap!H80>'all_1961-1990'!$H$1,0,IF(UrbanPopRate!H80>=$J$1,0,1)),0) -> 0 | M37: =IF($D37=1,IF(GDP_per_cap!I80>'all_1961-1990'!$H$1,0,IF(UrbanPopRate!I80>=$J$1,0,1)),0) -> 0 | N37: =IF($D37=1,IF(GDP_per_cap!J80>'all_1961-1990'!$H$1,0,IF(UrbanPopRate!J80>=$J$1,0,1)),0) -> 0 | ... BF37: =IF($D37=1,IF(GDP_per_cap!BB80>'all_1961-1990'!$H$1,0,IF(UrbanPopRate!BB80>=$J$1,0,1)),0) -> 0
A38: 53 | B38: Costa Rica | C38: 2 | D38: 0 | E38: 41.456733 | F38: 5828.1124 | G38: =IF($D38=1,IF(GDP_per_cap!C33>'all_1961-1990'!$H$1,0,IF(UrbanPopRate!C33>=$J$1,0,1)),0) -> 0 | H38: =IF($D38=1,IF(GDP_per_cap!D33>'all_1961-1990'!$H$1,0,IF(UrbanPopRate!D33>=$J$1,0,1)),0) -> 0 | I38: =IF($D38=1,IF(GDP_per_cap!E33>'all_1961-1990'!$H$1,0,IF(UrbanPopRate!E33>=$J$1,0,1)),0) -> 0 | J38: =IF($D38=1,IF(GDP_per_cap!F33>'all_1961-1990'!$H$1,0,IF(UrbanPopRate!F33>=$J$1,0,1)),0) -> 0 | K38: =IF($D38=1,IF(GDP_per_cap!G33>'all_1961-1990'!$H$1,0,IF(UrbanPopRate!G33>=$J$1,0,1)),0) -> 0 | L38: =IF($D38=1,IF(GDP_per_cap!H33>'all_1961-1990'!$H$1,0,IF(UrbanPopRate!H33>=$J$1,0,1)),0) -> 0 | M38: =IF($D38=1,IF(GDP_per_cap!I33>'all_1961-1990'!$H$1,0,IF(UrbanPopRate!I33>=$J$1,0,1)),0) -> 0 | N38: =IF($D38=1,IF(GDP_per_cap!J33>'all_1961-1990'!$H$1,0,IF(UrbanPopRate!J33>=$J$1,0,1)),0) -> 0 | ... BF38: =IF($D38=1,IF(GDP_per_cap!BB33>'all_1961-1990'!$H$1,0,IF(UrbanPopRate!BB33>=$J$1,0,1)),0) -> 0
A39: 133 | B39: Malaysia | C39: 2 | D39: 0 | E39: 38.245267 | F39: 5654.7528 | G39: =IF($D39=1,IF(GDP_per_cap!C88>'all_1961-1990'!$H$1,0,IF(UrbanPopRate!C88>=$J$1,0,1)),0) -> 0 | H39: =IF($D39=1,IF(GDP_per_cap!D88>'all_1961-1990'!$H$1,0,IF(UrbanPopRate!D88>=$J$1,0,1)),0) -> 0 | I39: =IF($D39=1,IF(GDP_per_cap!E88>'all_1961-1990'!$H$1,0,IF(UrbanPopRate!E88>=$J$1,0,1)),0) -> 0 | J39: =IF($D39=1,IF(GDP_per_cap!F88>'all_1961-1990'!$H$1,0,IF(UrbanPopRate!F88>=$J$1,0,1)),0) -> 0 | K39: =IF($D39=1,IF(GDP_per_cap!G88>'all_1961-1990'!$H$1,0,IF(UrbanPopRate!G88>=$J$1,0,1)),0) -> 0 | L39: =IF($D39=1,IF(GDP_per_cap!H88>'all_1961-1990'!$H$1,0,IF(UrbanPopRate!H88>=$J$1,0,1)),0) -> 0 | M39: =IF($D39=1,IF(GDP_per_cap!I88>'all_1961-1990'!$H$1,0,IF(UrbanPopRate!I88>=$J$1,0,1)),0) -> 0 | N39: =IF($D39=1,IF(GDP_per_cap!J88>'all_1961-1990'!$H$1,0,IF(UrbanPopRate!J88>=$J$1,0,1)),0) -> 0 | ... BF39: =IF($D39=1,IF(GDP_per_cap!BB88>'all_1961-1990'!$H$1,0,IF(UrbanPopRate!BB88>=$J$1,0,1)),0) -> 0
A40: 172 | B40: Peru | C40: 2 | D40: 0 | E40: 60.373 | F40: 5581.8297 | G40: =IF($D40=1,IF(GDP_per_cap!C112>'all_1961-1990'!$H$1,0,IF(UrbanPopRate!C112>=$J$1,0,1)),0) -> 0 | H40: =IF($D40=1,IF(GDP_per_cap!D112>'all_1961-1990'!$H$1,0,IF(UrbanPopRate!D112>=$J$1,0,1)),0) -> 0 | I40: =IF($D40=1,IF(GDP_per_cap!E112>'all_1961-1990'!$H$1,0,IF(UrbanPopRate!E112>=$J$1,0,1)),0) -> 0 | J40: =IF($D40=1,IF(GDP_per_cap!F112>'all_1961-1990'!$H$1,0,IF(UrbanPopRate!F112>=$J$1,0,1)),0) -> 0 | K40: =IF($D40=1,IF(GDP_per_cap!G112>'all_1961-1990'!$H$1,0,IF(UrbanPopRate!G112>=$J$1,0,1)),0) -> 0 | L40: =IF($D40=1,IF(GDP_per_cap!H112>'all_1961-1990'!$H$1,0,IF(UrbanPopRate!H112>=$J$1,0,1)),0) -> 0 | M40: =IF($D40=1,IF(GDP_per_cap!I112>'all_1961-1990'!$H$1,0,IF(UrbanPopRate!I112>=$J$1,0,1)),0) -> 0 | N40: =IF($D40=1,IF(GDP_per_cap!J112>'all_1961-1990'!$H$1,0,IF(UrbanPopRate!J112>=$J$1,0,1)),0) -> 0 | ... BF40: =IF($D40=1,IF(GDP_per_cap!BB112>'all_1961-1990'!$H$1,0,IF(UrbanPopRate!BB112>=$J$1,0,1)),0) -> 0
A41: 48 | B41: Colombia | C41: 2 | D41: 0 | E41: 58.509133 | F41: 5519.2295 | G41: =IF($D41=1,IF(GDP_per_cap!C30>'all_1961-1990'!$H$1,0,IF(UrbanPopRate!C30>=$J$1,0,1)),0) -> 0 | H41: =IF($D41=1,IF(GDP_per_cap!D30>'all_1961-1990'!$H$1,0,IF(UrbanPopRate!D30>=$J$1,0,1)),0) -> 0 | I41: =IF($D41=1,IF(GDP_per_cap!E30>'all_1961-1990'!$H$1,0,IF(UrbanPopRate!E30>=$J$1,0,1)),0) -> 0 | J41: =IF($D41=1,IF(GDP_per_cap!F30>'all_1961-1990'!$H$1,0,IF(UrbanPopRate!F30>=$J$1,0,1)),0) -> 0 | K41: =IF($D41=1,IF(GDP_per_cap!G30>'all_1961-1990'!$H$1,0,IF(UrbanPopRate!G30>=$J$1,0,1)),0) -> 0 | L41: =IF($D41=1,IF(GDP_per_cap!H30>'all_1961-1990'!$H$1,0,IF(UrbanPopRate!H30>=$J$1,0,1)),0) -> 0 | M41: =IF($D41=1,IF(GDP_per_cap!I30>'all_1961-1990'!$H$1,0,IF(UrbanPopRate!I30>=$J$1,0,1)),0) -> 0 | N41: =IF($D41=1,IF(GDP_per_cap!J30>'all_1961-1990'!$H$1,0,IF(UrbanPopRate!J30>=$J$1,0,1)),0) -> 0 | ... BF41: =IF($D41=1,IF(GDP_per_cap!BB30>'all_1961-1990'!$H$1,0,IF(UrbanPopRate!BB30>=$J$1,0,1)),0) -> 0
A42: 44 | B42: Chile | C42: 2 | D42: 0 | E42: 77.712167 | F42: 5516.1124 | G42: =IF($D42=1,IF(GDP_per_cap!C28>'all_1961-1990'!$H$1,0,IF(UrbanPopRate!C28>=$J$1,0,1)),0) -> 0 | H42: =IF($D42=1,IF(GDP_per_cap!D28>'all_1961-1990'!$H$1,0,IF(UrbanPopRate!D28>=$J$1,0,1)),0) -> 0 | I42: =IF($D42=1,IF(GDP_per_cap!E28>'all_1961-1990'!$H$1,0,IF(UrbanPopRate!E28>=$J$1,0,1)),0) -> 0 | J42: =IF($D42=1,IF(GDP_per_cap!F28>'all_1961-1990'!$H$1,0,IF(UrbanPopRate!F28>=$J$1,0,1)),0) -> 0 | K42: =IF($D42=1,IF(GDP_per_cap!G28>'all_1961-1990'!$H$1,0,IF(UrbanPopRate!G28>=$J$1,0,1)),0) -> 0 | L42: =IF($D42=1,IF(GDP_per_cap!H28>'all_1961-1990'!$H$1,0,IF(UrbanPopRate!H28>=$J$1,0,1)),0) -> 0 | M42: =IF($D42=1,IF(GDP_per_cap!I28>'all_1961-1990'!$H$1,0,IF(UrbanPopRate!I28>=$J$1,0,1)),0) -> 0 | N42: =IF($D42=1,IF(GDP_per_cap!J28>'all_1961-1990'!$H$1,0,IF(UrbanPopRate!J28>=$J$1,0,1)),0) -> 0 | ... BF42: =IF($D42=1,IF(GDP_per_cap!BB28>'all_1961-1990'!$H$1,0,IF(UrbanPopRate!BB28>=$J$1,0,1)),0) -> 0
A43: 63 | B43: Ecuador | C43: 2 | D43: 0 | E43: 43.8437 | F43: 5407.7672 | G43: =IF($D43=1,IF(GDP_per_cap!C41>'all_1961-1990'!$H$1,0,IF(UrbanPopRate!C41>=$J$1,0,1)),0) -> 0 | H43: =IF($D43=1,IF(GDP_per_cap!D41>'all_1961-1990'!$H$1,0,IF(UrbanPopRate!D41>=$J$1,0,1)),0) -> 0 | I43: =IF($D43=1,IF(GDP_per_cap!E41>'all_1961-1990'!$H$1,0,IF(UrbanPopRate!E41>=$J$1,0,1)),0) -> 0 | J43: =IF($D43=1,IF(GDP_per_cap!F41>'all_1961-1990'!$H$1,0,IF(UrbanPopRate!F41>=$J$1,0,1)),0) -> 0 | K43: =IF($D43=1,IF(GDP_per_cap!G41>'all_1961-1990'!$H$1,0,IF(UrbanPopRate!G41>=$J$1,0,1)),0) -> 0 | L43: =IF($D43=1,IF(GDP_per_cap!H41>'all_1961-1990'!$H$1,0,IF(UrbanPopRate!H41>=$J$1,0,1)),0) -> 0 | M43: =IF($D43=1,IF(GDP_per_cap!I41>'all_1961-1990'!$H$1,0,IF(UrbanPopRate!I41>=$J$1,0,1)),0) -> 0 | N43: =IF($D43=1,IF(GDP_per_cap!J41>'all_1961-1990'!$H$1,0,IF(UrbanPopRate!J41>=$J$1,0,1)),0) -> 0 | ... BF43: =IF($D43=1,IF(GDP_per_cap!BB41>'all_1961-1990'!$H$1,0,IF(UrbanPopRate!BB41>=$J$1,0,1)),0) -> 0
A44: 151 | B44: Namibia | C44: 2 | D44: 0 | E44: 23.527867 | F44: 4368.6516 | G44: =IF($D44=1,IF(GDP_per_cap!C98>'all_1961-1990'!$H$1,0,IF(UrbanPopRate!C98>=$J$1,0,1)),0) -> 0 | H44: =IF($D44=1,IF(GDP_per_cap!D98>'all_1961-1990'!$H$1,0,IF(UrbanPopRate!D98>=$J$1,0,1)),0) -> 0 | I44: =IF($D44=1,IF(GDP_per_cap!E98>'all_1961-1990'!$H$1,0,IF(UrbanPopRate!E98>=$J$1,0,1)),0) -> 0 | J44: =IF($D44=1,IF(GDP_per_cap!F98>'all_1961-1990'!$H$1,0,IF(UrbanPopRate!F98>=$J$1,0,1)),0) -> 0 | K44: =IF($D44=1,IF(GDP_per_cap!G98>'all_1961-1990'!$H$1,0,IF(UrbanPopRate!G98>=$J$1,0,1)),0) -> 0 | L44: =IF($D44=1,IF(GDP_per_cap!H98>'all_1961-1990'!$H$1,0,IF(UrbanPopRate!H98>=$J$1,0,1)),0) -> 0 | M44: =IF($D44=1,IF(GDP_per_cap!I98>'all_1961-1990'!$H$1,0,IF(UrbanPopRate!I98>=$J$1,0,1)),0) -> 0 | N44: =IF($D44=1,IF(GDP_per_cap!J98>'all_1961-1990'!$H$1,0,IF(UrbanPopRate!J98>=$J$1,0,1)),0) -> 0 | ... BF44: =IF($D44=1,IF(GDP_per_cap!BB98>'all_1961-1990'!$H$1,0,IF(UrbanPopRate!BB98>=$J$1,0,1)),0) -> 0
A45: 3 | B45: Albania | C45: 2 | D45: 0 | E45: 33.110967 | F45: 4269.6167 | G45: =IF($D45=1,IF(GDP_per_cap!C3>'all_1961-1990'!$H$1,0,IF(UrbanPopRate!C3>=$J$1,0,1)),0) -> 0 | H45: =IF($D45=1,IF(GDP_per_cap!D3>'all_1961-1990'!$H$1,0,IF(UrbanPopRate!D3>=$J$1,0,1)),0) -> 0 | I45: =IF($D45=1,IF(GDP_per_cap!E3>'all_1961-1990'!$H$1,0,IF(UrbanPopRate!E3>=$J$1,0,1)),0) -> 0 | J45: =IF($D45=1,IF(GDP_per_cap!F3>'all_1961-1990'!$H$1,0,IF(UrbanPopRate!F3>=$J$1,0,1)),0) -> 0 | K45: =IF($D45=1,IF(GDP_per_cap!G3>'all_1961-1990'!$H$1,0,IF(UrbanPopRate!G3>=$J$1,0,1)),0) -> 0 | L45: =IF($D45=1,IF(GDP_per_cap!H3>'all_1961-1990'!$H$1,0,IF(UrbanPopRate!H3>=$J$1,0,1)),0) -> 0 | M45: =IF($D45=1,IF(GDP_per_cap!I3>'all_1961-1990'!$H$1,0,IF(UrbanPopRate!I3>=$J$1,0,1)),0) -> 0 | N45: =IF($D45=1,IF(GDP_per_cap!J3>'all_1961-1990'!$H$1,0,IF(UrbanPopRate!J3>=$J$1,0,1)),0) -> 0 | ... BF45: =IF($D45=1,IF(GDP_per_cap!BB3>'all_1961-1990'!$H$1,0,IF(UrbanPopRate!BB3>=$J$1,0,1)),0) -> 0
A46: 221 | B46: Tunisia | C46: 2 | D46: 0 | E46: 47.495667 | F46: 4246.0986 | G46: =IF($D46=1,IF(GDP_per_cap!C142>'all_1961-1990'!$H$1,0,IF(UrbanPopRate!C142>=$J$1,0,1)),0) -> 0 | H46: =IF($D46=1,IF(GDP_per_cap!D142>'all_1961-1990'!$H$1,0,IF(UrbanPopRate!D142>=$J$1,0,1)),0) -> 0 | I46: =IF($D46=1,IF(GDP_per_cap!E142>'all_1961-1990'!$H$1,0,IF(UrbanPopRate!E142>=$J$1,0,1)),0) -> 0 | J46: =IF($D46=1,IF(GDP_per_cap!F142>'all_1961-1990'!$H$1,0,IF(UrbanPopRate!F142>=$J$1,0,1)),0) -> 0 | K46: =IF($D46=1,IF(GDP_per_cap!G142>'all_1961-1990'!$H$1,0,IF(UrbanPopRate!G142>=$J$1,0,1)),0) -> 0 | L46: =IF($D46=1,IF(GDP_per_cap!H142>'all_1961-1990'!$H$1,0,IF(UrbanPopRate!H142>=$J$1,0,1)),0) -> 0 | M46: =IF($D46=1,IF(GDP_per_cap!I142>'all_1961-1990'!$H$1,0,IF(UrbanPopRate!I142>=$J$1,0,1)),0) -> 0 | N46: =IF($D46=1,IF(GDP_per_cap!J142>'all_1961-1990'!$H$1,0,IF(UrbanPopRate!J142>=$J$1,0,1)),0) -> 0 | ... BF46: =IF($D46=1,IF(GDP_per_cap!BB142>'all_1961-1990'!$H$1,0,IF(UrbanPopRate!BB142>=$J$1,0,1)),0) -> 0
A47: 62 | B47: Dominican Republic | C47: 2 | D47: 0 | E47: 45.2192 | F47: 3893.3537 | G47: =IF($D47=1,IF(GDP_per_cap!C40>'all_1961-1990'!$H$1,0,IF(UrbanPopRate!C40>=$J$1,0,1)),0) -> 0 | H47: =IF($D47=1,IF(GDP_per_cap!D40>'all_1961-1990'!$H$1,0,IF(UrbanPopRate!D40>=$J$1,0,1)),0) -> 0 | I47: =IF($D47=1,IF(GDP_per_cap!E40>'all_1961-1990'!$H$1,0,IF(UrbanPopRate!E40>=$J$1,0,1)),0) -> 0 | J47: =IF($D47=1,IF(GDP_per_cap!F40>'all_1961-1990'!$H$1,0,IF(UrbanPopRate!F40>=$J$1,0,1)),0) -> 0 | K47: =IF($D47=1,IF(GDP_per_cap!G40>'all_1961-1990'!$H$1,0,IF(UrbanPopRate!G40>=$J$1,0,1)),0) -> 0 | L47: =IF($D47=1,IF(GDP_per_cap!H40>'all_1961-1990'!$H$1,0,IF(UrbanPopRate!H40>=$J$1,0,1)),0) -> 0 | M47: =IF($D47=1,IF(GDP_per_cap!I40>'all_1961-1990'!$H$1,0,IF(UrbanPopRate!I40>=$J$1,0,1)),0) -> 0 | N47: =IF($D47=1,IF(GDP_per_cap!J40>'all_1961-1990'!$H$1,0,IF(UrbanPopRate!J40>=$J$1,0,1)),0) -> 0 | ... BF47: =IF($D47=1,IF(GDP_per_cap!BB40>'all_1961-1990'!$H$1,0,IF(UrbanPopRate!BB40>=$J$1,0,1)),0) -> 0
A48: 171 | B48: Paraguay | C48: 2 | D48: 0 | E48: 40.400667 | F48: 3886.6983 | G48: =IF($D48=1,IF(GDP_per_cap!C111>'all_1961-1990'!$H$1,0,IF(UrbanPopRate!C111>=$J$1,0,1)),0) -> 0 | H48: =IF($D48=1,IF(GDP_per_cap!D111>'all_1961-1990'!$H$1,0,IF(UrbanPopRate!D111>=$J$1,0,1)),0) -> 0 | I48: =IF($D48=1,IF(GDP_per_cap!E111>'all_1961-1990'!$H$1,0,IF(UrbanPopRate!E111>=$J$1,0,1)),0) -> 0 | J48: =IF($D48=1,IF(GDP_per_cap!F111>'all_1961-1990'!$H$1,0,IF(UrbanPopRate!F111>=$J$1,0,1)),0) -> 0 | K48: =IF($D48=1,IF(GDP_per_cap!G111>'all_1961-1990'!$H$1,0,IF(UrbanPopRate!G111>=$J$1,0,1)),0) -> 0 | L48: =IF($D48=1,IF(GDP_per_cap!H111>'all_1961-1990'!$H$1,0,IF(UrbanPopRate!H111>=$J$1,0,1)),0) -> 0 | M48: =IF($D48=1,IF(GDP_per_cap!I111>'all_1961-1990'!$H$1,0,IF(UrbanPopRate!I111>=$J$1,0,1)),0) -> 0 | N48: =IF($D48=1,IF(GDP_per_cap!J111>'all_1961-1990'!$H$1,0,IF(UrbanPopRate!J111>=$J$1,0,1)),0) -> 0 | ... BF48: =IF($D48=1,IF(GDP_per_cap!BB111>'all_1961-1990'!$H$1,0,IF(UrbanPopRate!BB111>=$J$1,0,1)),0) -> 0
A49: 104 | B49: Iraq | C49: 2 | D49: 0 | E49: 60.242533 | F49: 3500 | G49: =IF($D49=1,IF(GDP_per_cap!C65>'all_1961-1990'!$H$1,0,IF(UrbanPopRate!C65>=$J$1,0,1)),0) -> 0 | H49: =IF($D49=1,IF(GDP_per_cap!D65>'all_1961-1990'!$H$1,0,IF(UrbanPopRate!D65>=$J$1,0,1)),0) -> 0 | I49: =IF($D49=1,IF(GDP_per_cap!E65>'all_1961-1990'!$H$1,0,IF(UrbanPopRate!E65>=$J$1,0,1)),0) -> 0 | J49: =IF($D49=1,IF(GDP_per_cap!F65>'all_1961-1990'!$H$1,0,IF(UrbanPopRate!F65>=$J$1,0,1)),0) -> 0 | K49: =IF($D49=1,IF(GDP_per_cap!G65>'all_1961-1990'!$H$1,0,IF(UrbanPopRate!G65>=$J$1,0,1)),0) -> 0 | L49: =IF($D49=1,IF(GDP_per_cap!H65>'all_1961-1990'!$H$1,0,IF(UrbanPopRate!H65>=$J$1,0,1)),0) -> 0 | M49: =IF($D49=1,IF(GDP_per_cap!I65>'all_1961-1990'!$H$1,0,IF(UrbanPopRate!I65>=$J$1,0,1)),0) -> 0 | N49: =IF($D49=1,IF(GDP_per_cap!J65>'all_1961-1990'!$H$1,0,IF(UrbanPopRate!J65>=$J$1,0,1)),0) -> 0 | ... BF49: =IF($D49=1,IF(GDP_per_cap!BB65>'all_1961-1990'!$H$1,0,IF(UrbanPopRate!BB65>=$J$1,0,1)),0) -> 0
A50: 89 | B50: Guatemala | C50: 2 | D50: 0 | E50: 36.653933 | F50: 3361.8779 | G50: =IF($D50=1,IF(GDP_per_cap!C55>'all_1961-1990'!$H$1,0,IF(UrbanPopRate!C55>=$J$1,0,1)),0) -> 0 | H50: =IF($D50=1,IF(GDP_per_cap!D55>'all_1961-1990'!$H$1,0,IF(UrbanPopRate!D55>=$J$1,0,1)),0) -> 0 | I50: =IF($D50=1,IF(GDP_per_cap!E55>'all_1961-1990'!$H$1,0,IF(UrbanPopRate!E55>=$J$1,0,1)),0) -> 0 | J50: =IF($D50=1,IF(GDP_per_cap!F55>'all_1961-1990'!$H$1,0,IF(UrbanPopRate!F55>=$J$1,0,1)),0) -> 0 | K50: =IF($D50=1,IF(GDP_per_cap!G55>'all_1961-1990'!$H$1,0,IF(UrbanPopRate!G55>=$J$1,0,1)),0) -> 0 | L50: =IF($D50=1,IF(GDP_per_cap!H55>'all_1961-1990'!$H$1,0,IF(UrbanPopRate!H55>=$J$1,0,1)),0) -> 0 | M50: =IF($D50=1,IF(GDP_per_cap!I55>'all_1961-1990'!$H$1,0,IF(UrbanPopRate!I55>=$J$1,0,1)),0) -> 0 | N50: =IF($D50=1,IF(GDP_per_cap!J55>'all_1961-1990'!$H$1,0,IF(UrbanPopRate!J55>=$J$1,0,1)),0) -> 0 | ... BF50: =IF($D50=1,IF(GDP_per_cap!BB55>'all_1961-1990'!$H$1,0,IF(UrbanPopRate!BB55>=$J$1,0,1)),0) -> 0
A51: 7 | B51: Angola | C51: 2 | D51: 0 | E51: 21.2809 | F51: 3319.101 | G51: =IF($D51=1,IF(GDP_per_cap!C5>'all_1961-1990'!$H$1,0,IF(UrbanPopRate!C5>=$J$1,0,1)),0) -> 0 | H51: =IF($D51=1,IF(GDP_per_cap!D5>'all_1961-1990'!$H$1,0,IF(UrbanPopRate!D5>=$J$1,0,1)),0) -> 0 | I51: =IF($D51=1,IF(GDP_per_cap!E5>'all_1961-1990'!$H$1,0,IF(UrbanPopRate!E5>=$J$1,0,1)),0) -> 0 | J51: =IF($D51=1,IF(GDP_per_cap!F5>'all_1961-1990'!$H$1,0,IF(UrbanPopRate!F5>=$J$1,0,1)),0) -> 0 | K51: =IF($D51=1,IF(GDP_per_cap!G5>'all_1961-1990'!$H$1,0,IF(UrbanPopRate!G5>=$J$1,0,1)),0) -> 0 | L51: =IF($D51=1,IF(GDP_per_cap!H5>'all_1961-1990'!$H$1,0,IF(UrbanPopRate!H5>=$J$1,0,1)),0) -> 0 | M51: =IF($D51=1,IF(GDP_per_cap!I5>'all_1961-1990'!$H$1,0,IF(UrbanPopRate!I5>=$J$1,0,1)),0) -> 0 | N51: =IF($D51=1,IF(GDP_per_cap!J5>'all_1961-1990'!$H$1,0,IF(UrbanPopRate!J5>=$J$1,0,1)),0) -> 0 | ... BF51: =IF($D51=1,IF(GDP_per_cap!BB5>'all_1961-1990'!$H$1,0,IF(UrbanPopRate!BB5>=$J$1,0,1)),0) -> 0
A52: 27 | B52: Bolivia | C52: 2 | D52: 0 | E52: 43.894667 | F52: 3166.911 | G52: =IF($D52=1,IF(GDP_per_cap!C16>'all_1961-1990'!$H$1,0,IF(UrbanPopRate!C16>=$J$1,0,1)),0) -> 0 | H52: =IF($D52=1,IF(GDP_per_cap!D16>'all_1961-1990'!$H$1,0,IF(UrbanPopRate!D16>=$J$1,0,1)),0) -> 0 | I52: =IF($D52=1,IF(GDP_per_cap!E16>'all_1961-1990'!$H$1,0,IF(UrbanPopRate!E16>=$J$1,0,1)),0) -> 0 | J52: =IF($D52=1,IF(GDP_per_cap!F16>'all_1961-1990'!$H$1,0,IF(UrbanPopRate!F16>=$J$1,0,1)),0) -> 0 | K52: =IF($D52=1,IF(GDP_per_cap!G16>'all_1961-1990'!$H$1,0,IF(UrbanPopRate!G16>=$J$1,0,1)),0) -> 0 | L52: =IF($D52=1,IF(GDP_per_cap!H16>'all_1961-1990'!$H$1,0,IF(UrbanPopRate!H16>=$J$1,0,1)),0) -> 0 | M52: =IF($D52=1,IF(GDP_per_cap!I16>'all_1961-1990'!$H$1,0,IF(UrbanPopRate!I16>=$J$1,0,1)),0) -> 0 | N52: =IF($D52=1,IF(GDP_per_cap!J16>'all_1961-1990'!$H$1,0,IF(UrbanPopRate!J16>=$J$1,0,1)),0) -> 0 | ... BF52: =IF($D52=1,IF(GDP_per_cap!BB16>'all_1961-1990'!$H$1,0,IF(UrbanPopRate!BB16>=$J$1,0,1)),0) -> 0
A53: 215 | B53: Thailand | C53: 2 | D53: 0 | E53: 24.212867 | F53: 2874.9406 | G53: =IF($D53=1,IF(GDP_per_cap!C138>'all_1961-1990'!$H$1,0,IF(UrbanPopRate!C138>=$J$1,0,1)),0) -> 0 | H53: =IF($D53=1,IF(GDP_per_cap!D138>'all_1961-1990'!$H$1,0,IF(UrbanPopRate!D138>=$J$1,0,1)),0) -> 0 | I53: =IF($D53=1,IF(GDP_per_cap!E138>'all_1961-1990'!$H$1,0,IF(UrbanPopRate!E138>=$J$1,0,1)),0) -> 0 | J53: =IF($D53=1,IF(GDP_per_cap!F138>'all_1961-1990'!$H$1,0,IF(UrbanPopRate!F138>=$J$1,0,1)),0) -> 0 | K53: =IF($D53=1,IF(GDP_per_cap!G138>'all_1961-1990'!$H$1,0,IF(UrbanPopRate!G138>=$J$1,0,1)),0) -> 0 | L53: =IF($D53=1,IF(GDP_per_cap!H138>'all_1961-1990'!$H$1,0,IF(UrbanPopRate!H138>=$J$1,0,1)),0) -> 0 | M53: =IF($D53=1,IF(GDP_per_cap!I138>'all_1961-1990'!$H$1,0,IF(UrbanPopRate!I138>=$J$1,0,1)),0) -> 0 | N53: =IF($D53=1,IF(GDP_per_cap!J138>'all_1961-1990'!$H$1,0,IF(UrbanPopRate!J138>=$J$1,0,1)),0) -> 0 | ... BF53: =IF($D53=1,IF(GDP_per_cap!BB138>'all_1961-1990'!$H$1,0,IF(UrbanPopRate!BB138>=$J$1,0,1)),0) -> 0
A54: 64 | B54: Egypt | C54: 2 | D54: 0 | E54: 42.561733 | F54: 2853.4749 | G54: =IF($D54=1,IF(GDP_per_cap!C42>'all_1961-1990'!$H$1,0,IF(UrbanPopRate!C42>=$J$1,0,1)),0) -> 0 | H54: =IF($D54=1,IF(GDP_per_cap!D42>'all_1961-1990'!$H$1,0,IF(UrbanPopRate!D42>=$J$1,0,1)),0) -> 0 | I54: =IF($D54=1,IF(GDP_per_cap!E42>'all_1961-1990'!$H$1,0,IF(UrbanPopRate!E42>=$J$1,0,1)),0) -> 0 | J54: =IF($D54=1,IF(GDP_per_cap!F42>'all_1961-1990'!$H$1,0,IF(UrbanPopRate!F42>=$J$1,0,1)),0) -> 0 | K54: =IF($D54=1,IF(GDP_per_cap!G42>'all_1961-1990'!$H$1,0,IF(UrbanPopRate!G42>=$J$1,0,1)),0) -> 0 | L54: =IF($D54=1,IF(GDP_per_cap!H42>'all_1961-1990'!$H$1,0,IF(UrbanPopRate!H42>=$J$1,0,1)),0) -> 0 | M54: =IF($D54=1,IF(GDP_per_cap!I42>'all_1961-1990'!$H$1,0,IF(UrbanPopRate!I42>=$J$1,0,1)),0) -> 0 | N54: =IF($D54=1,IF(GDP_per_cap!J42>'all_1961-1990'!$H$1,0,IF(UrbanPopRate!J42>=$J$1,0,1)),0) -> 0 | ... BF54: =IF($D54=1,IF(GDP_per_cap!BB42>'all_1961-1990'!$H$1,0,IF(UrbanPopRate!BB42>=$J$1,0,1)),0) -> 0
A55: 97 | B55: Honduras | C55: 2 | D55: 0 | E55: 32.115967 | F55: 2661.6272 | G55: =IF($D55=1,IF(GDP_per_cap!C59>'all_1961-1990'!$H$1,0,IF(UrbanPopRate!C59>=$J$1,0,1)),0) -> 0 | H55: =IF($D55=1,IF(GDP_per_cap!D59>'all_1961-1990'!$H$1,0,IF(UrbanPopRate!D59>=$J$1,0,1)),0) -> 0 | I55: =IF($D55=1,IF(GDP_per_cap!E59>'all_1961-1990'!$H$1,0,IF(UrbanPopRate!E59>=$J$1,0,1)),0) -> 0 | J55: =IF($D55=1,IF(GDP_per_cap!F59>'all_1961-1990'!$H$1,0,IF(UrbanPopRate!F59>=$J$1,0,1)),0) -> 0 | K55: =IF($D55=1,IF(GDP_per_cap!G59>'all_1961-1990'!$H$1,0,IF(UrbanPopRate!G59>=$J$1,0,1)),0) -> 0 | L55: =IF($D55=1,IF(GDP_per_cap!H59>'all_1961-1990'!$H$1,0,IF(UrbanPopRate!H59>=$J$1,0,1)),0) -> 0 | M55: =IF($D55=1,IF(GDP_per_cap!I59>'all_1961-1990'!$H$1,0,IF(UrbanPopRate!I59>=$J$1,0,1)),0) -> 0 | N55: =IF($D55=1,IF(GDP_per_cap!J59>'all_1961-1990'!$H$1,0,IF(UrbanPopRate!J59>=$J$1,0,1)),0) -> 0 | ... BF55: =IF($D55=1,IF(GDP_per_cap!BB59>'all_1961-1990'!$H$1,0,IF(UrbanPopRate!BB59>=$J$1,0,1)),0) -> 0
A56: 241 | B56: Yemen | C56: 2 | D56: 0 | E56: 15.045933 | F56: 2600 | G56: =IF($D56=1,IF(GDP_per_cap!C154>'all_1961-1990'!$H$1,0,IF(UrbanPopRate!C154>=$J$1,0,1)),0) -> 0 | H56: =IF($D56=1,IF(GDP_per_cap!D154>'all_1961-1990'!$H$1,0,IF(UrbanPopRate!D154>=$J$1,0,1)),0) -> 0 | I56: =IF($D56=1,IF(GDP_per_cap!E154>'all_1961-1990'!$H$1,0,IF(UrbanPopRate!E154>=$J$1,0,1)),0) -> 0 | J56: =IF($D56=1,IF(GDP_per_cap!F154>'all_1961-1990'!$H$1,0,IF(UrbanPopRate!F154>=$J$1,0,1)),0) -> 0 | K56: =IF($D56=1,IF(GDP_per_cap!G154>'all_1961-1990'!$H$1,0,IF(UrbanPopRate!G154>=$J$1,0,1)),0) -> 0 | L56: =IF($D56=1,IF(GDP_per_cap!H154>'all_1961-1990'!$H$1,0,IF(UrbanPopRate!H154>=$J$1,0,1)),0) -> 0 | M56: =IF($D56=1,IF(GDP_per_cap!I154>'all_1961-1990'!$H$1,0,IF(UrbanPopRate!I154>=$J$1,0,1)),0) -> 0 | N56: =IF($D56=1,IF(GDP_per_cap!J154>'all_1961-1990'!$H$1,0,IF(UrbanPopRate!J154>=$J$1,0,1)),0) -> 0 | ... BF56: =IF($D56=1,IF(GDP_per_cap!BB154>'all_1961-1990'!$H$1,0,IF(UrbanPopRate!BB154>=$J$1,0,1)),0) -> 0
A57: 173 | B57: Philippines | C57: 2 | D57: 0 | E57: 36.990467 | F57: 2564.2383 | G57: =IF($D57=1,IF(GDP_per_cap!C113>'all_1961-1990'!$H$1,0,IF(UrbanPopRate!C113>=$J$1,0,1)),0) -> 0 | H57: =IF($D57=1,IF(GDP_per_cap!D113>'all_1961-1990'!$H$1,0,IF(UrbanPopRate!D113>=$J$1,0,1)),0) -> 0 | I57: =IF($D57=1,IF(GDP_per_cap!E113>'all_1961-1990'!$H$1,0,IF(UrbanPopRate!E113>=$J$1,0,1)),0) -> 0 | J57: =IF($D57=1,IF(GDP_per_cap!F113>'all_1961-1990'!$H$1,0,IF(UrbanPopRate!F113>=$J$1,0,1)),0) -> 0 | K57: =IF($D57=1,IF(GDP_per_cap!G113>'all_1961-1990'!$H$1,0,IF(UrbanPopRate!G113>=$J$1,0,1)),0) -> 0 | L57: =IF($D57=1,IF(GDP_per_cap!H113>'all_1961-1990'!$H$1,0,IF(UrbanPopRate!H113>=$J$1,0,1)),0) -> 0 | M57: =IF($D57=1,IF(GDP_per_cap!I113>'all_1961-1990'!$H$1,0,IF(UrbanPopRate!I113>=$J$1,0,1)),0) -> 0 | N57: =IF($D57=1,IF(GDP_per_cap!J113>'all_1961-1990'!$H$1,0,IF(UrbanPopRate!J113>=$J$1,0,1)),0) -> 0 | ... BF57: =IF($D57=1,IF(GDP_per_cap!BB113>'all_1961-1990'!$H$1,0,IF(UrbanPopRate!BB113>=$J$1,0,1)),0) -> 0
A58: 38 | B58: Cameroon | C58: 2 | D58: 0 | E58: 26.999 | F58: 2469.115 | G58: =IF($D58=1,IF(GDP_per_cap!C24>'all_1961-1990'!$H$1,0,IF(UrbanPopRate!C24>=$J$1,0,1)),0) -> 0 | H58: =IF($D58=1,IF(GDP_per_cap!D24>'all_1961-1990'!$H$1,0,IF(UrbanPopRate!D24>=$J$1,0,1)),0) -> 0 | I58: =IF($D58=1,IF(GDP_per_cap!E24>'all_1961-1990'!$H$1,0,IF(UrbanPopRate!E24>=$J$1,0,1)),0) -> 0 | J58: =IF($D58=1,IF(GDP_per_cap!F24>'all_1961-1990'!$H$1,0,IF(UrbanPopRate!F24>=$J$1,0,1)),0) -> 0 | K58: =IF($D58=1,IF(GDP_per_cap!G24>'all_1961-1990'!$H$1,0,IF(UrbanPopRate!G24>=$J$1,0,1)),0) -> 0 | L58: =IF($D58=1,IF(GDP_per_cap!H24>'all_1961-1990'!$H$1,0,IF(UrbanPopRate!H24>=$J$1,0,1)),0) -> 0 | M58: =IF($D58=1,IF(GDP_per_cap!I24>'all_1961-1990'!$H$1,0,IF(UrbanPopRate!I24>=$J$1,0,1)),0) -> 0 | N58: =IF($D58=1,IF(GDP_per_cap!J24>'all_1961-1990'!$H$1,0,IF(UrbanPopRate!J24>=$J$1,0,1)),0) -> 0 | ... BF58: =IF($D58=1,IF(GDP_per_cap!BB24>'all_1961-1990'!$H$1,0,IF(UrbanPopRate!BB24>=$J$1,0,1)),0) -> 0
A59: 158 | B59: Nicaragua | C59: 2 | D59: 0 | E59: 47.797433 | F59: 2401.6429 | G59: =IF($D59=1,IF(GDP_per_cap!C102>'all_1961-1990'!$H$1,0,IF(UrbanPopRate!C102>=$J$1,0,1)),0) -> 0 | H59: =IF($D59=1,IF(GDP_per_cap!D102>'all_1961-1990'!$H$1,0,IF(UrbanPopRate!D102>=$J$1,0,1)),0) -> 0 | I59: =IF($D59=1,IF(GDP_per_cap!E102>'all_1961-1990'!$H$1,0,IF(UrbanPopRate!E102>=$J$1,0,1)),0) -> 0 | J59: =IF($D59=1,IF(GDP_per_cap!F102>'all_1961-1990'!$H$1,0,IF(UrbanPopRate!F102>=$J$1,0,1)),0) -> 0 | K59: =IF($D59=1,IF(GDP_per_cap!G102>'all_1961-1990'!$H$1,0,IF(UrbanPopRate!G102>=$J$1,0,1)),0) -> 0 | L59: =IF($D59=1,IF(GDP_per_cap!H102>'all_1961-1990'!$H$1,0,IF(UrbanPopRate!H102>=$J$1,0,1)),0) -> 0 | M59: =IF($D59=1,IF(GDP_per_cap!I102>'all_1961-1990'!$H$1,0,IF(UrbanPopRate!I102>=$J$1,0,1)),0) -> 0 | N59: =IF($D59=1,IF(GDP_per_cap!J102>'all_1961-1990'!$H$1,0,IF(UrbanPopRate!J102>=$J$1,0,1)),0) -> 0 | ... BF59: =IF($D59=1,IF(GDP_per_cap!BB102>'all_1961-1990'!$H$1,0,IF(UrbanPopRate!BB102>=$J$1,0,1)),0) -> 0
A60: 37 | B60: Cambodia | C60: 2 | D60: 0 | E60: 11.2591 | F60: 2000 | G60: =IF($D60=1,IF(GDP_per_cap!C23>'all_1961-1990'!$H$1,0,IF(UrbanPopRate!C23>=$J$1,0,1)),0) -> 0 | H60: =IF($D60=1,IF(GDP_per_cap!D23>'all_1961-1990'!$H$1,0,IF(UrbanPopRate!D23>=$J$1,0,1)),0) -> 0 | I60: =IF($D60=1,IF(GDP_per_cap!E23>'all_1961-1990'!$H$1,0,IF(UrbanPopRate!E23>=$J$1,0,1)),0) -> 0 | J60: =IF($D60=1,IF(GDP_per_cap!F23>'all_1961-1990'!$H$1,0,IF(UrbanPopRate!F23>=$J$1,0,1)),0) -> 0 | K60: =IF($D60=1,IF(GDP_per_cap!G23>'all_1961-1990'!$H$1,0,IF(UrbanPopRate!G23>=$J$1,0,1)),0) -> 0 | L60: =IF($D60=1,IF(GDP_per_cap!H23>'all_1961-1990'!$H$1,0,IF(UrbanPopRate!H23>=$J$1,0,1)),0) -> 0 | M60: =IF($D60=1,IF(GDP_per_cap!I23>'all_1961-1990'!$H$1,0,IF(UrbanPopRate!I23>=$J$1,0,1)),0) -> 0 | N60: =IF($D60=1,IF(GDP_per_cap!J23>'all_1961-1990'!$H$1,0,IF(UrbanPopRate!J23>=$J$1,0,1)),0) -> 0 | ... BF60: =IF($D60=1,IF(GDP_per_cap!BB23>'all_1961-1990'!$H$1,0,IF(UrbanPopRate!BB23>=$J$1,0,1)),0) -> 0
A61: 170 | B61: Papua New Guinea | C61: 2 | D61: 0 | E61: 10.7879 | F61: 1812.9962 | G61: =IF($D61=1,IF(GDP_per_cap!C110>'all_1961-1990'!$H$1,0,IF(UrbanPopRate!C110>=$J$1,0,1)),0) -> 0 | H61: =IF($D61=1,IF(GDP_per_cap!D110>'all_1961-1990'!$H$1,0,IF(UrbanPopRate!D110>=$J$1,0,1)),0) -> 0 | I61: =IF($D61=1,IF(GDP_per_cap!E110>'all_1961-1990'!$H$1,0,IF(UrbanPopRate!E110>=$J$1,0,1)),0) -> 0 | J61: =IF($D61=1,IF(GDP_per_cap!F110>'all_1961-1990'!$H$1,0,IF(UrbanPopRate!F110>=$J$1,0,1)),0) -> 0 | K61: =IF($D61=1,IF(GDP_per_cap!G110>'all_1961-1990'!$H$1,0,IF(UrbanPopRate!G110>=$J$1,0,1)),0) -> 0 | L61: =IF($D61=1,IF(GDP_per_cap!H110>'all_1961-1990'!$H$1,0,IF(UrbanPopRate!H110>=$J$1,0,1)),0) -> 0 | M61: =IF($D61=1,IF(GDP_per_cap!I110>'all_1961-1990'!$H$1,0,IF(UrbanPopRate!I110>=$J$1,0,1)),0) -> 0 | N61: =IF($D61=1,IF(GDP_per_cap!J110>'all_1961-1990'!$H$1,0,IF(UrbanPopRate!J110>=$J$1,0,1)),0) -> 0 | ... BF61: =IF($D61=1,IF(GDP_per_cap!BB110>'all_1961-1990'!$H$1,0,IF(UrbanPopRate!BB110>=$J$1,0,1)),0) -> 0
A62: 116 | B62: Korea, Democratic People'S Republic Of | C62: 2 | D62: 0 | E62: 53.607233 | F62: 1800 | G62: =IF($D62=1,IF(GDP_per_cap!C74>'all_1961-1990'!$H$1,0,IF(UrbanPopRate!C74>=$J$1,0,1)),0) -> 0 | H62: =IF($D62=1,IF(GDP_per_cap!D74>'all_1961-1990'!$H$1,0,IF(UrbanPopRate!D74>=$J$1,0,1)),0) -> 0 | I62: =IF($D62=1,IF(GDP_per_cap!E74>'all_1961-1990'!$H$1,0,IF(UrbanPopRate!E74>=$J$1,0,1)),0) -> 0 | J62: =IF($D62=1,IF(GDP_per_cap!F74>'all_1961-1990'!$H$1,0,IF(UrbanPopRate!F74>=$J$1,0,1)),0) -> 0 | K62: =IF($D62=1,IF(GDP_per_cap!G74>'all_1961-1990'!$H$1,0,IF(UrbanPopRate!G74>=$J$1,0,1)),0) -> 0 | L62: =IF($D62=1,IF(GDP_per_cap!H74>'all_1961-1990'!$H$1,0,IF(UrbanPopRate!H74>=$J$1,0,1)),0) -> 0 | M62: =IF($D62=1,IF(GDP_per_cap!I74>'all_1961-1990'!$H$1,0,IF(UrbanPopRate!I74>=$J$1,0,1)),0) -> 0 | N62: =IF($D62=1,IF(GDP_per_cap!J74>'all_1961-1990'!$H$1,0,IF(UrbanPopRate!J74>=$J$1,0,1)),0) -> 0 | ... BF62: =IF($D62=1,IF(GDP_per_cap!BB74>'all_1961-1990'!$H$1,0,IF(UrbanPopRate!BB74>=$J$1,0,1)),0) -> 0
A63: 204 | B63: Sri Lanka | C63: 2 | D63: 0 | E63: 18.379633 | F63: 1788.629 | G63: =IF($D63=1,IF(GDP_per_cap!C130>'all_1961-1990'!$H$1,0,IF(UrbanPopRate!C130>=$J$1,0,1)),0) -> 0 | H63: =IF($D63=1,IF(GDP_per_cap!D130>'all_1961-1990'!$H$1,0,IF(UrbanPopRate!D130>=$J$1,0,1)),0) -> 0 | I63: =IF($D63=1,IF(GDP_per_cap!E130>'all_1961-1990'!$H$1,0,IF(UrbanPopRate!E130>=$J$1,0,1)),0) -> 0 | J63: =IF($D63=1,IF(GDP_per_cap!F130>'all_1961-1990'!$H$1,0,IF(UrbanPopRate!F130>=$J$1,0,1)),0) -> 0 | K63: =IF($D63=1,IF(GDP_per_cap!G130>'all_1961-1990'!$H$1,0,IF(UrbanPopRate!G130>=$J$1,0,1)),0) -> 0 | L63: =IF($D63=1,IF(GDP_per_cap!H130>'all_1961-1990'!$H$1,0,IF(UrbanPopRate!H130>=$J$1,0,1)),0) -> 0 | M63: =IF($D63=1,IF(GDP_per_cap!I130>'all_1961-1990'!$H$1,0,IF(UrbanPopRate!I130>=$J$1,0,1)),0) -> 0 | N63: =IF($D63=1,IF(GDP_per_cap!J130>'all_1961-1990'!$H$1,0,IF(UrbanPopRate!J130>=$J$1,0,1)),0) -> 0 | ... BF63: =IF($D63=1,IF(GDP_per_cap!BB130>'all_1961-1990'!$H$1,0,IF(UrbanPopRate!BB130>=$J$1,0,1)),0) -> 0
A64: 166 | B64: Pakistan | C64: 2 | D64: 0 | E64: 26.544367 | F64: 1450.9056 | G64: =IF($D64=1,IF(GDP_per_cap!C107>'all_1961-1990'!$H$1,0,IF(UrbanPopRate!C107>=$J$1,0,1)),0) -> 0 | H64: =IF($D64=1,IF(GDP_per_cap!D107>'all_1961-1990'!$H$1,0,IF(UrbanPopRate!D107>=$J$1,0,1)),0) -> 0 | I64: =IF($D64=1,IF(GDP_per_cap!E107>'all_1961-1990'!$H$1,0,IF(UrbanPopRate!E107>=$J$1,0,1)),0) -> 0 | J64: =IF($D64=1,IF(GDP_per_cap!F107>'all_1961-1990'!$H$1,0,IF(UrbanPopRate!F107>=$J$1,0,1)),0) -> 0 | K64: =IF($D64=1,IF(GDP_per_cap!G107>'all_1961-1990'!$H$1,0,IF(UrbanPopRate!G107>=$J$1,0,1)),0) -> 0 | L64: =IF($D64=1,IF(GDP_per_cap!H107>'all_1961-1990'!$H$1,0,IF(UrbanPopRate!H107>=$J$1,0,1)),0) -> 0 | M64: =IF($D64=1,IF(GDP_per_cap!I107>'all_1961-1990'!$H$1,0,IF(UrbanPopRate!I107>=$J$1,0,1)),0) -> 0 | N64: =IF($D64=1,IF(GDP_per_cap!J107>'all_1961-1990'!$H$1,0,IF(UrbanPopRate!J107>=$J$1,0,1)),0) -> 0 | ... BF64: =IF($D64=1,IF(GDP_per_cap!BB107>'all_1961-1990'!$H$1,0,IF(UrbanPopRate!BB107>=$J$1,0,1)),0) -> 0
A65: 124 | B65: Liberia | C65: 2 | D65: 0 | E65: 30.827133 | F65: 1303.3341 | G65: =IF($D65=1,IF(GDP_per_cap!C82>'all_1961-1990'!$H$1,0,IF(UrbanPopRate!C82>=$J$1,0,1)),0) -> 0 | H65: =IF($D65=1,IF(GDP_per_cap!D82>'all_1961-1990'!$H$1,0,IF(UrbanPopRate!D82>=$J$1,0,1)),0) -> 0 | I65: =IF($D65=1,IF(GDP_per_cap!E82>'all_1961-1990'!$H$1,0,IF(UrbanPopRate!E82>=$J$1,0,1)),0) -> 0 | J65: =IF($D65=1,IF(GDP_per_cap!F82>'all_1961-1990'!$H$1,0,IF(UrbanPopRate!F82>=$J$1,0,1)),0) -> 0 | K65: =IF($D65=1,IF(GDP_per_cap!G82>'all_1961-1990'!$H$1,0,IF(UrbanPopRate!G82>=$J$1,0,1)),0) -> 0 | L65: =IF($D65=1,IF(GDP_per_cap!H82>'all_1961-1990'!$H$1,0,IF(UrbanPopRate!H82>=$J$1,0,1)),0) -> 0 | M65: =IF($D65=1,IF(GDP_per_cap!I82>'all_1961-1990'!$H$1,0,IF(UrbanPopRate!I82>=$J$1,0,1)),0) -> 0 | N65: =IF($D65=1,IF(GDP_per_cap!J82>'all_1961-1990'!$H$1,0,IF(UrbanPopRate!J82>=$J$1,0,1)),0) -> 0 | ... BF65: =IF($D65=1,IF(GDP_per_cap!BB82>'all_1961-1990'!$H$1,0,IF(UrbanPopRate!BB82>=$J$1,0,1)),0) -> 0
A66: 160 | B66: Nigeria | C66: 2 | D66: 0 | E66: 26.0666 | F66: 1288.1261 | G66: =IF($D66=1,IF(GDP_per_cap!C104>'all_1961-1990'!$H$1,0,IF(UrbanPopRate!C104>=$J$1,0,1)),0) -> 0 | H66: =IF($D66=1,IF(GDP_per_cap!D104>'all_1961-1990'!$H$1,0,IF(UrbanPopRate!D104>=$J$1,0,1)),0) -> 0 | I66: =IF($D66=1,IF(GDP_per_cap!E104>'all_1961-1990'!$H$1,0,IF(UrbanPopRate!E104>=$J$1,0,1)),0) -> 0 | J66: =IF($D66=1,IF(GDP_per_cap!F104>'all_1961-1990'!$H$1,0,IF(UrbanPopRate!F104>=$J$1,0,1)),0) -> 0 | K66: =IF($D66=1,IF(GDP_per_cap!G104>'all_1961-1990'!$H$1,0,IF(UrbanPopRate!G104>=$J$1,0,1)),0) -> 0 | L66: =IF($D66=1,IF(GDP_per_cap!H104>'all_1961-1990'!$H$1,0,IF(UrbanPopRate!H104>=$J$1,0,1)),0) -> 0 | M66: =IF($D66=1,IF(GDP_per_cap!I104>'all_1961-1990'!$H$1,0,IF(UrbanPopRate!I104>=$J$1,0,1)),0) -> 0 | N66: =IF($D66=1,IF(GDP_per_cap!J104>'all_1961-1990'!$H$1,0,IF(UrbanPopRate!J104>=$J$1,0,1)),0) -> 0 | ... BF66: =IF($D66=1,IF(GDP_per_cap!BB104>'all_1961-1990'!$H$1,0,IF(UrbanPopRate!BB104>=$J$1,0,1)),0) -> 0
A67: 79 | B67: Gambia | C67: 2 | D67: 0 | E67: 24.621133 | F67: 1164.1215 | G67: =IF($D67=1,IF(GDP_per_cap!C50>'all_1961-1990'!$H$1,0,IF(UrbanPopRate!C50>=$J$1,0,1)),0) -> 0 | H67: =IF($D67=1,IF(GDP_per_cap!D50>'all_1961-1990'!$H$1,0,IF(UrbanPopRate!D50>=$J$1,0,1)),0) -> 0 | I67: =IF($D67=1,IF(GDP_per_cap!E50>'all_1961-1990'!$H$1,0,IF(UrbanPopRate!E50>=$J$1,0,1)),0) -> 0 | J67: =IF($D67=1,IF(GDP_per_cap!F50>'all_1961-1990'!$H$1,0,IF(UrbanPopRate!F50>=$J$1,0,1)),0) -> 0 | K67: =IF($D67=1,IF(GDP_per_cap!G50>'all_1961-1990'!$H$1,0,IF(UrbanPopRate!G50>=$J$1,0,1)),0) -> 0 | L67: =IF($D67=1,IF(GDP_per_cap!H50>'all_1961-1990'!$H$1,0,IF(UrbanPopRate!H50>=$J$1,0,1)),0) -> 0 | M67: =IF($D67=1,IF(GDP_per_cap!I50>'all_1961-1990'!$H$1,0,IF(UrbanPopRate!I50>=$J$1,0,1)),0) -> 0 | N67: =IF($D67=1,IF(GDP_per_cap!J50>'all_1961-1990'!$H$1,0,IF(UrbanPopRate!J50>=$J$1,0,1)),0) -> 0 | ... BF67: =IF($D67=1,IF(GDP_per_cap!BB50>'all_1961-1990'!$H$1,0,IF(UrbanPopRate!BB50>=$J$1,0,1)),0) -> 0
A68: 94 | B68: Haiti | C68: 2 | D68: 0 | E68: 20.8152 | F68: 1100 | G68: =IF($D68=1,IF(GDP_per_cap!C58>'all_1961-1990'!$H$1,0,IF(UrbanPopRate!C58>=$J$1,0,1)),0) -> 0 | H68: =IF($D68=1,IF(GDP_per_cap!D58>'all_1961-1990'!$H$1,0,IF(UrbanPopRate!D58>=$J$1,0,1)),0) -> 0 | I68: =IF($D68=1,IF(GDP_per_cap!E58>'all_1961-1990'!$H$1,0,IF(UrbanPopRate!E58>=$J$1,0,1)),0) -> 0 | J68: =IF($D68=1,IF(GDP_per_cap!F58>'all_1961-1990'!$H$1,0,IF(UrbanPopRate!F58>=$J$1,0,1)),0) -> 0 | K68: =IF($D68=1,IF(GDP_per_cap!G58>'all_1961-1990'!$H$1,0,IF(UrbanPopRate!G58>=$J$1,0,1)),0) -> 0 | L68: =IF($D68=1,IF(GDP_per_cap!H58>'all_1961-1990'!$H$1,0,IF(UrbanPopRate!H58>=$J$1,0,1)),0) -> 0 | M68: =IF($D68=1,IF(GDP_per_cap!I58>'all_1961-1990'!$H$1,0,IF(UrbanPopRate!I58>=$J$1,0,1)),0) -> 0 | N68: =IF($D68=1,IF(GDP_per_cap!J58>'all_1961-1990'!$H$1,0,IF(UrbanPopRate!J58>=$J$1,0,1)),0) -> 0 | ... BF68: =IF($D68=1,IF(GDP_per_cap!BB58>'all_1961-1990'!$H$1,0,IF(UrbanPopRate!BB58>=$J$1,0,1)),0) -> 0
A69: 92 | B69: Guinea-Bissau | C69: 2 | D69: 0 | E69: 17.964267 | F69: 1096.2153 | G69: =IF($D69=1,IF(GDP_per_cap!C57>'all_1961-1990'!$H$1,0,IF(UrbanPopRate!C57>=$J$1,0,1)),0) -> 0 | H69: =IF($D69=1,IF(GDP_per_cap!D57>'all_1961-1990'!$H$1,0,IF(UrbanPopRate!D57>=$J$1,0,1)),0) -> 0 | I69: =IF($D69=1,IF(GDP_per_cap!E57>'all_1961-1990'!$H$1,0,IF(UrbanPopRate!E57>=$J$1,0,1)),0) -> 0 | J69: =IF($D69=1,IF(GDP_per_cap!F57>'all_1961-1990'!$H$1,0,IF(UrbanPopRate!F57>=$J$1,0,1)),0) -> 0 | K69: =IF($D69=1,IF(GDP_per_cap!G57>'all_1961-1990'!$H$1,0,IF(UrbanPopRate!G57>=$J$1,0,1)),0) -> 0 | L69: =IF($D69=1,IF(GDP_per_cap!H57>'all_1961-1990'!$H$1,0,IF(UrbanPopRate!H57>=$J$1,0,1)),0) -> 0 | M69: =IF($D69=1,IF(GDP_per_cap!I57>'all_1961-1990'!$H$1,0,IF(UrbanPopRate!I57>=$J$1,0,1)),0) -> 0 | N69: =IF($D69=1,IF(GDP_per_cap!J57>'all_1961-1990'!$H$1,0,IF(UrbanPopRate!J57>=$J$1,0,1)),0) -> 0 | ... BF69: =IF($D69=1,IF(GDP_per_cap!BB57>'all_1961-1990'!$H$1,0,IF(UrbanPopRate!BB57>=$J$1,0,1)),0) -> 0
A70: 131 | B70: Madagascar | C70: 2 | D70: 0 | E70: 16.777733 | F70: 1054.1358 | G70: =IF($D70=1,IF(GDP_per_cap!C86>'all_1961-1990'!$H$1,0,IF(UrbanPopRate!C86>=$J$1,0,1)),0) -> 0 | H70: =IF($D70=1,IF(GDP_per_cap!D86>'all_1961-1990'!$H$1,0,IF(UrbanPopRate!D86>=$J$1,0,1)),0) -> 0 | I70: =IF($D70=1,IF(GDP_per_cap!E86>'all_1961-1990'!$H$1,0,IF(UrbanPopRate!E86>=$J$1,0,1)),0) -> 0 | J70: =IF($D70=1,IF(GDP_per_cap!F86>'all_1961-1990'!$H$1,0,IF(UrbanPopRate!F86>=$J$1,0,1)),0) -> 0 | K70: =IF($D70=1,IF(GDP_per_cap!G86>'all_1961-1990'!$H$1,0,IF(UrbanPopRate!G86>=$J$1,0,1)),0) -> 0 | L70: =IF($D70=1,IF(GDP_per_cap!H86>'all_1961-1990'!$H$1,0,IF(UrbanPopRate!H86>=$J$1,0,1)),0) -> 0 | M70: =IF($D70=1,IF(GDP_per_cap!I86>'all_1961-1990'!$H$1,0,IF(UrbanPopRate!I86>=$J$1,0,1)),0) -> 0 | N70: =IF($D70=1,IF(GDP_per_cap!J86>'all_1961-1990'!$H$1,0,IF(UrbanPopRate!J86>=$J$1,0,1)),0) -> 0 | ... BF70: =IF($D70=1,IF(GDP_per_cap!BB86>'all_1961-1990'!$H$1,0,IF(UrbanPopRate!BB86>=$J$1,0,1)),0) -> 0
A71: 1 | B71: Afghanistan | C71: 2 | D71: 0 | E71: 13.3909 | F71: 1000 | G71: =IF($D71=1,IF(GDP_per_cap!C2>'all_1961-1990'!$H$1,0,IF(UrbanPopRate!C2>=$J$1,0,1)),0) -> 0 | H71: =IF($D71=1,IF(GDP_per_cap!D2>'all_1961-1990'!$H$1,0,IF(UrbanPopRate!D2>=$J$1,0,1)),0) -> 0 | I71: =IF($D71=1,IF(GDP_per_cap!E2>'all_1961-1990'!$H$1,0,IF(UrbanPopRate!E2>=$J$1,0,1)),0) -> 0 | J71: =IF($D71=1,IF(GDP_per_cap!F2>'all_1961-1990'!$H$1,0,IF(UrbanPopRate!F2>=$J$1,0,1)),0) -> 0 | K71: =IF($D71=1,IF(GDP_per_cap!G2>'all_1961-1990'!$H$1,0,IF(UrbanPopRate!G2>=$J$1,0,1)),0) -> 0 | L71: =IF($D71=1,IF(GDP_per_cap!H2>'all_1961-1990'!$H$1,0,IF(UrbanPopRate!H2>=$J$1,0,1)),0) -> 0 | M71: =IF($D71=1,IF(GDP_per_cap!I2>'all_1961-1990'!$H$1,0,IF(UrbanPopRate!I2>=$J$1,0,1)),0) -> 0 | N71: =IF($D71=1,IF(GDP_per_cap!J2>'all_1961-1990'!$H$1,0,IF(UrbanPopRate!J2>=$J$1,0,1)),0) -> 0 | ... BF71: =IF($D71=1,IF(GDP_per_cap!BB2>'all_1961-1990'!$H$1,0,IF(UrbanPopRate!BB2>=$J$1,0,1)),0) -> 0
A72: 42 | B72: Central African Republic | C72: 2 | D72: 0 | E72: 30.390667 | F72: 887.01545 | G72: =IF($D72=1,IF(GDP_per_cap!C26>'all_1961-1990'!$H$1,0,IF(UrbanPopRate!C26>=$J$1,0,1)),0) -> 0 | H72: =IF($D72=1,IF(GDP_per_cap!D26>'all_1961-1990'!$H$1,0,IF(UrbanPopRate!D26>=$J$1,0,1)),0) -> 0 | I72: =IF($D72=1,IF(GDP_per_cap!E26>'all_1961-1990'!$H$1,0,IF(UrbanPopRate!E26>=$J$1,0,1)),0) -> 0 | J72: =IF($D72=1,IF(GDP_per_cap!F26>'all_1961-1990'!$H$1,0,IF(UrbanPopRate!F26>=$J$1,0,1)),0) -> 0 | K72: =IF($D72=1,IF(GDP_per_cap!G26>'all_1961-1990'!$H$1,0,IF(UrbanPopRate!G26>=$J$1,0,1)),0) -> 0 | L72: =IF($D72=1,IF(GDP_per_cap!H26>'all_1961-1990'!$H$1,0,IF(UrbanPopRate!H26>=$J$1,0,1)),0) -> 0 | M72: =IF($D72=1,IF(GDP_per_cap!I26>'all_1961-1990'!$H$1,0,IF(UrbanPopRate!I26>=$J$1,0,1)),0) -> 0 | N72: =IF($D72=1,IF(GDP_per_cap!J26>'all_1961-1990'!$H$1,0,IF(UrbanPopRate!J26>=$J$1,0,1)),0) -> 0 | ... BF72: =IF($D72=1,IF(GDP_per_cap!BB26>'all_1961-1990'!$H$1,0,IF(UrbanPopRate!BB26>=$J$1,0,1)),0) -> 0
A73: 214 | B73: Tanzania, United Republic Of | C73: 2 | D73: 0 | E73: 11.6298 | F73: 837.53528 | G73: =IF($D73=1,IF(GDP_per_cap!C137>'all_1961-1990'!$H$1,0,IF(UrbanPopRate!C137>=$J$1,0,1)),0) -> 0 | H73: =IF($D73=1,IF(GDP_per_cap!D137>'all_1961-1990'!$H$1,0,IF(UrbanPopRate!D137>=$J$1,0,1)),0) -> 0 | I73: =IF($D73=1,IF(GDP_per_cap!E137>'all_1961-1990'!$H$1,0,IF(UrbanPopRate!E137>=$J$1,0,1)),0) -> 0 | J73: =IF($D73=1,IF(GDP_per_cap!F137>'all_1961-1990'!$H$1,0,IF(UrbanPopRate!F137>=$J$1,0,1)),0) -> 0 | K73: =IF($D73=1,IF(GDP_per_cap!G137>'all_1961-1990'!$H$1,0,IF(UrbanPopRate!G137>=$J$1,0,1)),0) -> 0 | L73: =IF($D73=1,IF(GDP_per_cap!H137>'all_1961-1990'!$H$1,0,IF(UrbanPopRate!H137>=$J$1,0,1)),0) -> 0 | M73: =IF($D73=1,IF(GDP_per_cap!I137>'all_1961-1990'!$H$1,0,IF(UrbanPopRate!I137>=$J$1,0,1)),0) -> 0 | N73: =IF($D73=1,IF(GDP_per_cap!J137>'all_1961-1990'!$H$1,0,IF(UrbanPopRate!J137>=$J$1,0,1)),0) -> 0 | ... BF73: =IF($D73=1,IF(GDP_per_cap!BB137>'all_1961-1990'!$H$1,0,IF(UrbanPopRate!BB137>=$J$1,0,1)),0) -> 0
A74: 45 | B74: China | C74: 2 | D74: 0 | E74: 19.5774 | F74: 836.71728 | G74: =IF($D74=1,IF(GDP_per_cap!C29>'all_1961-1990'!$H$1,0,IF(UrbanPopRate!C29>=$J$1,0,1)),0) -> 0 | H74: =IF($D74=1,IF(GDP_per_cap!D29>'all_1961-1990'!$H$1,0,IF(UrbanPopRate!D29>=$J$1,0,1)),0) -> 0 | I74: =IF($D74=1,IF(GDP_per_cap!E29>'all_1961-1990'!$H$1,0,IF(UrbanPopRate!E29>=$J$1,0,1)),0) -> 0 | J74: =IF($D74=1,IF(GDP_per_cap!F29>'all_1961-1990'!$H$1,0,IF(UrbanPopRate!F29>=$J$1,0,1)),0) -> 0 | K74: =IF($D74=1,IF(GDP_per_cap!G29>'all_1961-1990'!$H$1,0,IF(UrbanPopRate!G29>=$J$1,0,1)),0) -> 0 | L74: =IF($D74=1,IF(GDP_per_cap!H29>'all_1961-1990'!$H$1,0,IF(UrbanPopRate!H29>=$J$1,0,1)),0) -> 0 | M74: =IF($D74=1,IF(GDP_per_cap!I29>'all_1961-1990'!$H$1,0,IF(UrbanPopRate!I29>=$J$1,0,1)),0) -> 0 | N74: =IF($D74=1,IF(GDP_per_cap!J29>'all_1961-1990'!$H$1,0,IF(UrbanPopRate!J29>=$J$1,0,1)),0) -> 0 | ... BF74: =IF($D74=1,IF(GDP_per_cap!BB29>'all_1961-1990'!$H$1,0,IF(UrbanPopRate!BB29>=$J$1,0,1)),0) -> 0
A75: 236 | B75: Viet Nam | C75: 2 | D75: 0 | E75: 18.390667 | F75: 833.48641 | G75: =IF($D75=1,IF(GDP_per_cap!C153>'all_1961-1990'!$H$1,0,IF(UrbanPopRate!C153>=$J$1,0,1)),0) -> 0 | H75: =IF($D75=1,IF(GDP_per_cap!D153>'all_1961-1990'!$H$1,0,IF(UrbanPopRate!D153>=$J$1,0,1)),0) -> 0 | I75: =IF($D75=1,IF(GDP_per_cap!E153>'all_1961-1990'!$H$1,0,IF(UrbanPopRate!E153>=$J$1,0,1)),0) -> 0 | J75: =IF($D75=1,IF(GDP_per_cap!F153>'all_1961-1990'!$H$1,0,IF(UrbanPopRate!F153>=$J$1,0,1)),0) -> 0 | K75: =IF($D75=1,IF(GDP_per_cap!G153>'all_1961-1990'!$H$1,0,IF(UrbanPopRate!G153>=$J$1,0,1)),0) -> 0 | L75: =IF($D75=1,IF(GDP_per_cap!H153>'all_1961-1990'!$H$1,0,IF(UrbanPopRate!H153>=$J$1,0,1)),0) -> 0 | M75: =IF($D75=1,IF(GDP_per_cap!I153>'all_1961-1990'!$H$1,0,IF(UrbanPopRate!I153>=$J$1,0,1)),0) -> 0 | N75: =IF($D75=1,IF(GDP_per_cap!J153>'all_1961-1990'!$H$1,0,IF(UrbanPopRate!J153>=$J$1,0,1)),0) -> 0 | ... BF75: =IF($D75=1,IF(GDP_per_cap!BB153>'all_1961-1990'!$H$1,0,IF(UrbanPopRate!BB153>=$J$1,0,1)),0) -> 0
A76: 182 | B76: Rwanda | C76: 2 | D76: 0 | E76: 3.9911 | F76: 786.26164 | G76: =IF($D76=1,IF(GDP_per_cap!C120>'all_1961-1990'!$H$1,0,IF(UrbanPopRate!C120>=$J$1,0,1)),0) -> 0 | H76: =IF($D76=1,IF(GDP_per_cap!D120>'all_1961-1990'!$H$1,0,IF(UrbanPopRate!D120>=$J$1,0,1)),0) -> 0 | I76: =IF($D76=1,IF(GDP_per_cap!E120>'all_1961-1990'!$H$1,0,IF(UrbanPopRate!E120>=$J$1,0,1)),0) -> 0 | J76: =IF($D76=1,IF(GDP_per_cap!F120>'all_1961-1990'!$H$1,0,IF(UrbanPopRate!F120>=$J$1,0,1)),0) -> 0 | K76: =IF($D76=1,IF(GDP_per_cap!G120>'all_1961-1990'!$H$1,0,IF(UrbanPopRate!G120>=$J$1,0,1)),0) -> 0 | L76: =IF($D76=1,IF(GDP_per_cap!H120>'all_1961-1990'!$H$1,0,IF(UrbanPopRate!H120>=$J$1,0,1)),0) -> 0 | M76: =IF($D76=1,IF(GDP_per_cap!I120>'all_1961-1990'!$H$1,0,IF(UrbanPopRate!I120>=$J$1,0,1)),0) -> 0 | N76: =IF($D76=1,IF(GDP_per_cap!J120>'all_1961-1990'!$H$1,0,IF(UrbanPopRate!J120>=$J$1,0,1)),0) -> 0 | ... BF76: =IF($D76=1,IF(GDP_per_cap!BB120>'all_1961-1990'!$H$1,0,IF(UrbanPopRate!BB120>=$J$1,0,1)),0) -> 0
A77: 19 | B77: Bangladesh | C77: 2 | D77: 0 | E77: 11.6546 | F77: 710.98355 | G77: =IF($D77=1,IF(GDP_per_cap!C12>'all_1961-1990'!$H$1,0,IF(UrbanPopRate!C12>=$J$1,0,1)),0) -> 0 | H77: =IF($D77=1,IF(GDP_per_cap!D12>'all_1961-1990'!$H$1,0,IF(UrbanPopRate!D12>=$J$1,0,1)),0) -> 0 | I77: =IF($D77=1,IF(GDP_per_cap!E12>'all_1961-1990'!$H$1,0,IF(UrbanPopRate!E12>=$J$1,0,1)),0) -> 0 | J77: =IF($D77=1,IF(GDP_per_cap!F12>'all_1961-1990'!$H$1,0,IF(UrbanPopRate!F12>=$J$1,0,1)),0) -> 0 | K77: =IF($D77=1,IF(GDP_per_cap!G12>'all_1961-1990'!$H$1,0,IF(UrbanPopRate!G12>=$J$1,0,1)),0) -> 0 | L77: =IF($D77=1,IF(GDP_per_cap!H12>'all_1961-1990'!$H$1,0,IF(UrbanPopRate!H12>=$J$1,0,1)),0) -> 0 | M77: =IF($D77=1,IF(GDP_per_cap!I12>'all_1961-1990'!$H$1,0,IF(UrbanPopRate!I12>=$J$1,0,1)),0) -> 0 | N77: =IF($D77=1,IF(GDP_per_cap!J12>'all_1961-1990'!$H$1,0,IF(UrbanPopRate!J12>=$J$1,0,1)),0) -> 0 | ... BF77: =IF($D77=1,IF(GDP_per_cap!BB12>'all_1961-1990'!$H$1,0,IF(UrbanPopRate!BB12>=$J$1,0,1)),0) -> 0
A78: 153 | B78: Nepal | C78: 2 | D78: 0 | E78: 5.4507333 | F78: 642.49516 | G78: =IF($D78=1,IF(GDP_per_cap!C99>'all_1961-1990'!$H$1,0,IF(UrbanPopRate!C99>=$J$1,0,1)),0) -> 0 | H78: =IF($D78=1,IF(GDP_per_cap!D99>'all_1961-1990'!$H$1,0,IF(UrbanPopRate!D99>=$J$1,0,1)),0) -> 0 | I78: =IF($D78=1,IF(GDP_per_cap!E99>'all_1961-1990'!$H$1,0,IF(UrbanPopRate!E99>=$J$1,0,1)),0) -> 0 | J78: =IF($D78=1,IF(GDP_per_cap!F99>'all_1961-1990'!$H$1,0,IF(UrbanPopRate!F99>=$J$1,0,1)),0) -> 0 | K78: =IF($D78=1,IF(GDP_per_cap!G99>'all_1961-1990'!$H$1,0,IF(UrbanPopRate!G99>=$J$1,0,1)),0) -> 0 | L78: =IF($D78=1,IF(GDP_per_cap!H99>'all_1961-1990'!$H$1,0,IF(UrbanPopRate!H99>=$J$1,0,1)),0) -> 0 | M78: =IF($D78=1,IF(GDP_per_cap!I99>'all_1961-1990'!$H$1,0,IF(UrbanPopRate!I99>=$J$1,0,1)),0) -> 0 | N78: =IF($D78=1,IF(GDP_per_cap!J99>'all_1961-1990'!$H$1,0,IF(UrbanPopRate!J99>=$J$1,0,1)),0) -> 0 | ... BF78: =IF($D78=1,IF(GDP_per_cap!BB99>'all_1961-1990'!$H$1,0,IF(UrbanPopRate!BB99>=$J$1,0,1)),0) -> 0
A79: 69 | B79: Ethiopia | C79: 2 | D79: 0 | E79: 9.6073 | F79: 566.39685 | G79: =IF($D79=1,IF(GDP_per_cap!C46>'all_1961-1990'!$H$1,0,IF(UrbanPopRate!C46>=$J$1,0,1)),0) -> 0 | H79: =IF($D79=1,IF(GDP_per_cap!D46>'all_1961-1990'!$H$1,0,IF(UrbanPopRate!D46>=$J$1,0,1)),0) -> 0 | I79: =IF($D79=1,IF(GDP_per_cap!E46>'all_1961-1990'!$H$1,0,IF(UrbanPopRate!E46>=$J$1,0,1)),0) -> 0 | J79: =IF($D79=1,IF(GDP_per_cap!F46>'all_1961-1990'!$H$1,0,IF(UrbanPopRate!F46>=$J$1,0,1)),0) -> 0 | K79: =IF($D79=1,IF(GDP_per_cap!G46>'all_1961-1990'!$H$1,0,IF(UrbanPopRate!G46>=$J$1,0,1)),0) -> 0 | L79: =IF($D79=1,IF(GDP_per_cap!H46>'all_1961-1990'!$H$1,0,IF(UrbanPopRate!H46>=$J$1,0,1)),0) -> 0 | M79: =IF($D79=1,IF(GDP_per_cap!I46>'all_1961-1990'!$H$1,0,IF(UrbanPopRate!I46>=$J$1,0,1)),0) -> 0 | N79: =IF($D79=1,IF(GDP_per_cap!J46>'all_1961-1990'!$H$1,0,IF(UrbanPopRate!J46>=$J$1,0,1)),0) -> 0 | ... BF79: =IF($D79=1,IF(GDP_per_cap!BB46>'all_1961-1990'!$H$1,0,IF(UrbanPopRate!BB46>=$J$1,0,1)),0) -> 0
A80: 36 | B80: Burundi | C80: 2 | D80: 0 | E80: 3.6581333 | F80: 470.15291 | G80: =IF($D80=1,IF(GDP_per_cap!C22>'all_1961-1990'!$H$1,0,IF(UrbanPopRate!C22>=$J$1,0,1)),0) -> 0 | H80: =IF($D80=1,IF(GDP_per_cap!D22>'all_1961-1990'!$H$1,0,IF(UrbanPopRate!D22>=$J$1,0,1)),0) -> 0 | I80: =IF($D80=1,IF(GDP_per_cap!E22>'all_1961-1990'!$H$1,0,IF(UrbanPopRate!E22>=$J$1,0,1)),0) -> 0 | J80: =IF($D80=1,IF(GDP_per_cap!F22>'all_1961-1990'!$H$1,0,IF(UrbanPopRate!F22>=$J$1,0,1)),0) -> 0 | K80: =IF($D80=1,IF(GDP_per_cap!G22>'all_1961-1990'!$H$1,0,IF(UrbanPopRate!G22>=$J$1,0,1)),0) -> 0 | L80: =IF($D80=1,IF(GDP_per_cap!H22>'all_1961-1990'!$H$1,0,IF(UrbanPopRate!H22>=$J$1,0,1)),0) -> 0 | M80: =IF($D80=1,IF(GDP_per_cap!I22>'all_1961-1990'!$H$1,0,IF(UrbanPopRate!I22>=$J$1,0,1)),0) -> 0 | N80: =IF($D80=1,IF(GDP_per_cap!J22>'all_1961-1990'!$H$1,0,IF(UrbanPopRate!J22>=$J$1,0,1)),0) -> 0 | ... BF80: =IF($D80=1,IF(GDP_per_cap!BB22>'all_1961-1990'!$H$1,0,IF(UrbanPopRate!BB22>=$J$1,0,1)),0) -> 0
A81: 123 | B81: Lesotho | C81: 2 | D81: 0 | E81: 9.7867 | F81: 412.09229 | G81: =IF($D81=1,IF(GDP_per_cap!C81>'all_1961-1990'!$H$1,0,IF(UrbanPopRate!C81>=$J$1,0,1)),0) -> 0 | H81: =IF($D81=1,IF(GDP_per_cap!D81>'all_1961-1990'!$H$1,0,IF(UrbanPopRate!D81>=$J$1,0,1)),0) -> 0 | I81: =IF($D81=1,IF(GDP_per_cap!E81>'all_1961-1990'!$H$1,0,IF(UrbanPopRate!E81>=$J$1,0,1)),0) -> 0 | J81: =IF($D81=1,IF(GDP_per_cap!F81>'all_1961-1990'!$H$1,0,IF(UrbanPopRate!F81>=$J$1,0,1)),0) -> 0 | K81: =IF($D81=1,IF(GDP_per_cap!G81>'all_1961-1990'!$H$1,0,IF(UrbanPopRate!G81>=$J$1,0,1)),0) -> 0 | L81: =IF($D81=1,IF(GDP_per_cap!H81>'all_1961-1990'!$H$1,0,IF(UrbanPopRate!H81>=$J$1,0,1)),0) -> 0 | M81: =IF($D81=1,IF(GDP_per_cap!I81>'all_1961-1990'!$H$1,0,IF(UrbanPopRate!I81>=$J$1,0,1)),0) -> 0 | N81: =IF($D81=1,IF(GDP_per_cap!J81>'all_1961-1990'!$H$1,0,IF(UrbanPopRate!J81>=$J$1,0,1)),0) -> 0 | ... BF81: =IF($D81=1,IF(GDP_per_cap!BB81>'all_1961-1990'!$H$1,0,IF(UrbanPopRate!BB81>=$J$1,0,1)),0) -> 0
A82: 150 | B82: Myanmar | C82: 2 | D82: 0 | E82: 23.038733 | F82: 378.93861 | G82: =IF($D82=1,IF(GDP_per_cap!C97>'all_1961-1990'!$H$1,0,IF(UrbanPopRate!C97>=$J$1,0,1)),0) -> 0 | H82: =IF($D82=1,IF(GDP_per_cap!D97>'all_1961-1990'!$H$1,0,IF(UrbanPopRate!D97>=$J$1,0,1)),0) -> 0 | I82: =IF($D82=1,IF(GDP_per_cap!E97>'all_1961-1990'!$H$1,0,IF(UrbanPopRate!E97>=$J$1,0,1)),0) -> 0 | J82: =IF($D82=1,IF(GDP_per_cap!F97>'all_1961-1990'!$H$1,0,IF(UrbanPopRate!F97>=$J$1,0,1)),0) -> 0 | K82: =IF($D82=1,IF(GDP_per_cap!G97>'all_1961-1990'!$H$1,0,IF(UrbanPopRate!G97>=$J$1,0,1)),0) -> 0 | L82: =IF($D82=1,IF(GDP_per_cap!H97>'all_1961-1990'!$H$1,0,IF(UrbanPopRate!H97>=$J$1,0,1)),0) -> 0 | M82: =IF($D82=1,IF(GDP_per_cap!I97>'all_1961-1990'!$H$1,0,IF(UrbanPopRate!I97>=$J$1,0,1)),0) -> 0 | N82: =IF($D82=1,IF(GDP_per_cap!J97>'all_1961-1990'!$H$1,0,IF(UrbanPopRate!J97>=$J$1,0,1)),0) -> 0 | ... BF82: =IF($D82=1,IF(GDP_per_cap!BB97>'all_1961-1990'!$H$1,0,IF(UrbanPopRate!BB97>=$J$1,0,1)),0) -> 0
A83: 149 | B83: Mozambique | C83: 2 | D83: 0 | E83: 10.510733 | F83: 365.2323 | G83: =IF($D83=1,IF(GDP_per_cap!C96>'all_1961-1990'!$H$1,0,IF(UrbanPopRate!C96>=$J$1,0,1)),0) -> 0 | H83: =IF($D83=1,IF(GDP_per_cap!D96>'all_1961-1990'!$H$1,0,IF(UrbanPopRate!D96>=$J$1,0,1)),0) -> 0 | I83: =IF($D83=1,IF(GDP_per_cap!E96>'all_1961-1990'!$H$1,0,IF(UrbanPopRate!E96>=$J$1,0,1)),0) -> 0 | J83: =IF($D83=1,IF(GDP_per_cap!F96>'all_1961-1990'!$H$1,0,IF(UrbanPopRate!F96>=$J$1,0,1)),0) -> 0 | K83: =IF($D83=1,IF(GDP_per_cap!G96>'all_1961-1990'!$H$1,0,IF(UrbanPopRate!G96>=$J$1,0,1)),0) -> 0 | L83: =IF($D83=1,IF(GDP_per_cap!H96>'all_1961-1990'!$H$1,0,IF(UrbanPopRate!H96>=$J$1,0,1)),0) -> 0 | M83: =IF($D83=1,IF(GDP_per_cap!I96>'all_1961-1990'!$H$1,0,IF(UrbanPopRate!I96>=$J$1,0,1)),0) -> 0 | N83: =IF($D83=1,IF(GDP_per_cap!J96>'all_1961-1990'!$H$1,0,IF(UrbanPopRate!J96>=$J$1,0,1)),0) -> 0 | ... BF83: =IF($D83=1,IF(GDP_per_cap!BB96>'all_1961-1990'!$H$1,0,IF(UrbanPopRate!BB96>=$J$1,0,1)),0) -> 0
A84: 230 | B84: United States | C84: 3 | D84: 1 | E84: 73.424067 | F84: 28697.708 | G84: =IF($D84=1,IF(GDP_per_cap!C149>'all_1961-1990'!$H$1,0,IF(UrbanPopRate!C149>=$J$1,0,1)),0) -> 0 | H84: =IF($D84=1,IF(GDP_per_cap!D149>'all_1961-1990'!$H$1,0,IF(UrbanPopRate!D149>=$J$1,0,1)),0) -> 0 | I84: =IF($D84=1,IF(GDP_per_cap!E149>'all_1961-1990'!$H$1,0,IF(UrbanPopRate!E149>=$J$1,0,1)),0) -> 0 | J84: =IF($D84=1,IF(GDP_per_cap!F149>'all_1961-1990'!$H$1,0,IF(UrbanPopRate!F149>=$J$1,0,1)),0) -> 0 | K84: =IF($D84=1,IF(GDP_per_cap!G149>'all_1961-1990'!$H$1,0,IF(UrbanPopRate!G149>=$J$1,0,1)),0) -> 0 | L84: =IF($D84=1,IF(GDP_per_cap!H149>'all_1961-1990'!$H$1,0,IF(UrbanPopRate!H149>=$J$1,0,1)),0) -> 0 | M84: =IF($D84=1,IF(GDP_per_cap!I149>'all_1961-1990'!$H$1,0,IF(UrbanPopRate!I149>=$J$1,0,1)),0) -> 0 | N84: =IF($D84=1,IF(GDP_per_cap!J149>'all_1961-1990'!$H$1,0,IF(UrbanPopRate!J149>=$J$1,0,1)),0) -> 0 | ... BF84: =IF($D84=1,IF(GDP_per_cap!BB149>'all_1961-1990'!$H$1,0,IF(UrbanPopRate!BB149>=$J$1,0,1)),0) -> 0
A85: 39 | B85: Canada | C85: 3 | D85: 1 | E85: 74.957933 | F85: 25123.679 | G85: =IF($D85=1,IF(GDP_per_cap!C25>'all_1961-1990'!$H$1,0,IF(UrbanPopRate!C25>=$J$1,0,1)),0) -> 0 | H85: =IF($D85=1,IF(GDP_per_cap!D25>'all_1961-1990'!$H$1,0,IF(UrbanPopRate!D25>=$J$1,0,1)),0) -> 0 | I85: =IF($D85=1,IF(GDP_per_cap!E25>'all_1961-1990'!$H$1,0,IF(UrbanPopRate!E25>=$J$1,0,1)),0) -> 0 | J85: =IF($D85=1,IF(GDP_per_cap!F25>'all_1961-1990'!$H$1,0,IF(UrbanPopRate!F25>=$J$1,0,1)),0) -> 0 | K85: =IF($D85=1,IF(GDP_per_cap!G25>'all_1961-1990'!$H$1,0,IF(UrbanPopRate!G25>=$J$1,0,1)),0) -> 0 | L85: =IF($D85=1,IF(GDP_per_cap!H25>'all_1961-1990'!$H$1,0,IF(UrbanPopRate!H25>=$J$1,0,1)),0) -> 0 | M85: =IF($D85=1,IF(GDP_per_cap!I25>'all_1961-1990'!$H$1,0,IF(UrbanPopRate!I25>=$J$1,0,1)),0) -> 0 | N85: =IF($D85=1,IF(GDP_per_cap!J25>'all_1961-1990'!$H$1,0,IF(UrbanPopRate!J25>=$J$1,0,1)),0) -> 0 | ... BF85: =IF($D85=1,IF(GDP_per_cap!BB25>'all_1961-1990'!$H$1,0,IF(UrbanPopRate!BB25>=$J$1,0,1)),0) -> 0
A86: 59 | B86: Denmark | C86: 3 | D86: 1 | E86: 81.230933 | F86: 23612.411 | G86: =IF($D86=1,IF(GDP_per_cap!C39>'all_1961-1990'!$H$1,0,IF(UrbanPopRate!C39>=$J$1,0,1)),0) -> 0 | H86: =IF($D86=1,IF(GDP_per_cap!D39>'all_1961-1990'!$H$1,0,IF(UrbanPopRate!D39>=$J$1,0,1)),0) -> 0 | I86: =IF($D86=1,IF(GDP_per_cap!E39>'all_1961-1990'!$H$1,0,IF(UrbanPopRate!E39>=$J$1,0,1)),0) -> 0 | J86: =IF($D86=1,IF(GDP_per_cap!F39>'all_1961-1990'!$H$1,0,IF(UrbanPopRate!F39>=$J$1,0,1)),0) -> 0 | K86: =IF($D86=1,IF(GDP_per_cap!G39>'all_1961-1990'!$H$1,0,IF(UrbanPopRate!G39>=$J$1,0,1)),0) -> 0 | L86: =IF($D86=1,IF(GDP_per_cap!H39>'all_1961-1990'!$H$1,0,IF(UrbanPopRate!H39>=$J$1,0,1)),0) -> 0 | M86: =IF($D86=1,IF(GDP_per_cap!I39>'all_1961-1990'!$H$1,0,IF(UrbanPopRate!I39>=$J$1,0,1)),0) -> 0 | N86: =IF($D86=1,IF(GDP_per_cap!J39>'all_1961-1990'!$H$1,0,IF(UrbanPopRate!J39>=$J$1,0,1)),0) -> 0 | ... BF86: =IF($D86=1,IF(GDP_per_cap!BB39>'all_1961-1990'!$H$1,0,IF(UrbanPopRate!BB39>=$J$1,0,1)),0) -> 0
A87: 154 | B87: Netherlands | C87: 3 | D87: 1 | E87: 63.6957 | F87: 23441.66 | G87: =IF($D87=1,IF(GDP_per_cap!C100>'all_1961-1990'!$H$1,0,IF(UrbanPopRate!C100>=$J$1,0,1)),0) -> 0 | H87: =IF($D87=1,IF(GDP_per_cap!D100>'all_1961-1990'!$H$1,0,IF(UrbanPopRate!D100>=$J$1,0,1)),0) -> 0 | I87: =IF($D87=1,IF(GDP_per_cap!E100>'all_1961-1990'!$H$1,0,IF(UrbanPopRate!E100>=$J$1,0,1)),0) -> 0 | J87: =IF($D87=1,IF(GDP_per_cap!F100>'all_1961-1990'!$H$1,0,IF(UrbanPopRate!F100>=$J$1,0,1)),0) -> 0 | K87: =IF($D87=1,IF(GDP_per_cap!G100>'all_1961-1990'!$H$1,0,IF(UrbanPopRate!G100>=$J$1,0,1)),0) -> 0 | L87: =IF($D87=1,IF(GDP_per_cap!H100>'all_1961-1990'!$H$1,0,IF(UrbanPopRate!H100>=$J$1,0,1)),0) -> 0 | M87: =IF($D87=1,IF(GDP_per_cap!I100>'all_1961-1990'!$H$1,0,IF(UrbanPopRate!I100>=$J$1,0,1)),0) -> 0 | N87: =IF($D87=1,IF(GDP_per_cap!J100>'all_1961-1990'!$H$1,0,IF(UrbanPopRate!J100>=$J$1,0,1)),0) -> 0 | ... BF87: =IF($D87=1,IF(GDP_per_cap!BB100>'all_1961-1990'!$H$1,0,IF(UrbanPopRate!BB100>=$J$1,0,1)),0) -> 0
A88: 22 | B88: Belgium | C88: 3 | D88: 1 | E88: 94.596867 | F88: 22382.896 | G88: =IF($D88=1,IF(GDP_per_cap!C14>'all_1961-1990'!$H$1,0,IF(UrbanPopRate!C14>=$J$1,0,1)),0) -> 0 | H88: =IF($D88=1,IF(GDP_per_cap!D14>'all_1961-1990'!$H$1,0,IF(UrbanPopRate!D14>=$J$1,0,1)),0) -> 0 | I88: =IF($D88=1,IF(GDP_per_cap!E14>'all_1961-1990'!$H$1,0,IF(UrbanPopRate!E14>=$J$1,0,1)),0) -> 0 | J88: =IF($D88=1,IF(GDP_per_cap!F14>'all_1961-1990'!$H$1,0,IF(UrbanPopRate!F14>=$J$1,0,1)),0) -> 0 | K88: =IF($D88=1,IF(GDP_per_cap!G14>'all_1961-1990'!$H$1,0,IF(UrbanPopRate!G14>=$J$1,0,1)),0) -> 0 | L88: =IF($D88=1,IF(GDP_per_cap!H14>'all_1961-1990'!$H$1,0,IF(UrbanPopRate!H14>=$J$1,0,1)),0) -> 0 | M88: =IF($D88=1,IF(GDP_per_cap!I14>'all_1961-1990'!$H$1,0,IF(UrbanPopRate!I14>=$J$1,0,1)),0) -> 0 | N88: =IF($D88=1,IF(GDP_per_cap!J14>'all_1961-1990'!$H$1,0,IF(UrbanPopRate!J14>=$J$1,0,1)),0) -> 0 | ... BF88: =IF($D88=1,IF(GDP_per_cap!BB14>'all_1961-1990'!$H$1,0,IF(UrbanPopRate!BB14>=$J$1,0,1)),0) -> 0
A89: 14 | B89: Australia | C89: 3 | D89: 1 | E89: 84.9571 | F89: 21811.428 | G89: =IF($D89=1,IF(GDP_per_cap!C8>'all_1961-1990'!$H$1,0,IF(UrbanPopRate!C8>=$J$1,0,1)),0) -> 0 | H89: =IF($D89=1,IF(GDP_per_cap!D8>'all_1961-1990'!$H$1,0,IF(UrbanPopRate!D8>=$J$1,0,1)),0) -> 0 | I89: =IF($D89=1,IF(GDP_per_cap!E8>'all_1961-1990'!$H$1,0,IF(UrbanPopRate!E8>=$J$1,0,1)),0) -> 0 | J89: =IF($D89=1,IF(GDP_per_cap!F8>'all_1961-1990'!$H$1,0,IF(UrbanPopRate!F8>=$J$1,0,1)),0) -> 0 | K89: =IF($D89=1,IF(GDP_per_cap!G8>'all_1961-1990'!$H$1,0,IF(UrbanPopRate!G8>=$J$1,0,1)),0) -> 0 | L89: =IF($D89=1,IF(GDP_per_cap!H8>'all_1961-1990'!$H$1,0,IF(UrbanPopRate!H8>=$J$1,0,1)),0) -> 0 | M89: =IF($D89=1,IF(GDP_per_cap!I8>'all_1961-1990'!$H$1,0,IF(UrbanPopRate!I8>=$J$1,0,1)),0) -> 0 | N89: =IF($D89=1,IF(GDP_per_cap!J8>'all_1961-1990'!$H$1,0,IF(UrbanPopRate!J8>=$J$1,0,1)),0) -> 0 | ... BF89: =IF($D89=1,IF(GDP_per_cap!BB8>'all_1961-1990'!$H$1,0,IF(UrbanPopRate!BB8>=$J$1,0,1)),0) -> 0
A90: 108 | B90: Italy | C90: 3 | D90: 1 | E90: 64.834 | F90: 20988.682 | G90: =IF($D90=1,IF(GDP_per_cap!C68>'all_1961-1990'!$H$1,0,IF(UrbanPopRate!C68>=$J$1,0,1)),0) -> 0 | H90: =IF($D90=1,IF(GDP_per_cap!D68>'all_1961-1990'!$H$1,0,IF(UrbanPopRate!D68>=$J$1,0,1)),0) -> 0 | I90: =IF($D90=1,IF(GDP_per_cap!E68>'all_1961-1990'!$H$1,0,IF(UrbanPopRate!E68>=$J$1,0,1)),0) -> 0 | J90: =IF($D90=1,IF(GDP_per_cap!F68>'all_1961-1990'!$H$1,0,IF(UrbanPopRate!F68>=$J$1,0,1)),0) -> 0 | K90: =IF($D90=1,IF(GDP_per_cap!G68>'all_1961-1990'!$H$1,0,IF(UrbanPopRate!G68>=$J$1,0,1)),0) -> 0 | L90: =IF($D90=1,IF(GDP_per_cap!H68>'all_1961-1990'!$H$1,0,IF(UrbanPopRate!H68>=$J$1,0,1)),0) -> 0 | M90: =IF($D90=1,IF(GDP_per_cap!I68>'all_1961-1990'!$H$1,0,IF(UrbanPopRate!I68>=$J$1,0,1)),0) -> 0 | N90: =IF($D90=1,IF(GDP_per_cap!J68>'all_1961-1990'!$H$1,0,IF(UrbanPopRate!J68>=$J$1,0,1)),0) -> 0 | ... BF90: =IF($D90=1,IF(GDP_per_cap!BB68>'all_1961-1990'!$H$1,0,IF(UrbanPopRate!BB68>=$J$1,0,1)),0) -> 0
A91: 229 | B91: United Kingdom | C91: 3 | D91: 1 | E91: 77.958933 | F91: 20957.244 | G91: =IF($D91=1,IF(GDP_per_cap!C148>'all_1961-1990'!$H$1,0,IF(UrbanPopRate!C148>=$J$1,0,1)),0) -> 0 | H91: =IF($D91=1,IF(GDP_per_cap!D148>'all_1961-1990'!$H$1,0,IF(UrbanPopRate!D148>=$J$1,0,1)),0) -> 0 | I91: =IF($D91=1,IF(GDP_per_cap!E148>'all_1961-1990'!$H$1,0,IF(UrbanPopRate!E148>=$J$1,0,1)),0) -> 0 | J91: =IF($D91=1,IF(GDP_per_cap!F148>'all_1961-1990'!$H$1,0,IF(UrbanPopRate!F148>=$J$1,0,1)),0) -> 0 | K91: =IF($D91=1,IF(GDP_per_cap!G148>'all_1961-1990'!$H$1,0,IF(UrbanPopRate!G148>=$J$1,0,1)),0) -> 0 | L91: =IF($D91=1,IF(GDP_per_cap!H148>'all_1961-1990'!$H$1,0,IF(UrbanPopRate!H148>=$J$1,0,1)),0) -> 0 | M91: =IF($D91=1,IF(GDP_per_cap!I148>'all_1961-1990'!$H$1,0,IF(UrbanPopRate!I148>=$J$1,0,1)),0) -> 0 | N91: =IF($D91=1,IF(GDP_per_cap!J148>'all_1961-1990'!$H$1,0,IF(UrbanPopRate!J148>=$J$1,0,1)),0) -> 0 | ... BF91: =IF($D91=1,IF(GDP_per_cap!BB148>'all_1961-1990'!$H$1,0,IF(UrbanPopRate!BB148>=$J$1,0,1)),0) -> 0
A92: 177 | B92: Puerto Rico | C92: 3 | D92: 1 | E92: 61.6332 | F92: 16000 | G92: =IF($D92=1,IF(GDP_per_cap!C116>'all_1961-1990'!$H$1,0,IF(UrbanPopRate!C116>=$J$1,0,1)),0) -> 0 | H92: =IF($D92=1,IF(GDP_per_cap!D116>'all_1961-1990'!$H$1,0,IF(UrbanPopRate!D116>=$J$1,0,1)),0) -> 0 | I92: =IF($D92=1,IF(GDP_per_cap!E116>'all_1961-1990'!$H$1,0,IF(UrbanPopRate!E116>=$J$1,0,1)),0) -> 0 | J92: =IF($D92=1,IF(GDP_per_cap!F116>'all_1961-1990'!$H$1,0,IF(UrbanPopRate!F116>=$J$1,0,1)),0) -> 0 | K92: =IF($D92=1,IF(GDP_per_cap!G116>'all_1961-1990'!$H$1,0,IF(UrbanPopRate!G116>=$J$1,0,1)),0) -> 0 | L92: =IF($D92=1,IF(GDP_per_cap!H116>'all_1961-1990'!$H$1,0,IF(UrbanPopRate!H116>=$J$1,0,1)),0) -> 0 | M92: =IF($D92=1,IF(GDP_per_cap!I116>'all_1961-1990'!$H$1,0,IF(UrbanPopRate!I116>=$J$1,0,1)),0) -> 0 | N92: =IF($D92=1,IF(GDP_per_cap!J116>'all_1961-1990'!$H$1,0,IF(UrbanPopRate!J116>=$J$1,0,1)),0) -> 0 | ... BF92: =IF($D92=1,IF(GDP_per_cap!BB116>'all_1961-1990'!$H$1,0,IF(UrbanPopRate!BB116>=$J$1,0,1)),0) -> 0
A93: 181 | B93: Russian Federation | C93: 3 | D93: 1 | E93: 65.7123 | F93: 12846.017 | G93: =IF($D93=1,IF(GDP_per_cap!C119>'all_1961-1990'!$H$1,0,IF(UrbanPopRate!C119>=$J$1,0,1)),0) -> 0 | H93: =IF($D93=1,IF(GDP_per_cap!D119>'all_1961-1990'!$H$1,0,IF(UrbanPopRate!D119>=$J$1,0,1)),0) -> 0 | I93: =IF($D93=1,IF(GDP_per_cap!E119>'all_1961-1990'!$H$1,0,IF(UrbanPopRate!E119>=$J$1,0,1)),0) -> 0 | J93: =IF($D93=1,IF(GDP_per_cap!F119>'all_1961-1990'!$H$1,0,IF(UrbanPopRate!F119>=$J$1,0,1)),0) -> 0 | K93: =IF($D93=1,IF(GDP_per_cap!G119>'all_1961-1990'!$H$1,0,IF(UrbanPopRate!G119>=$J$1,0,1)),0) -> 0 | L93: =IF($D93=1,IF(GDP_per_cap!H119>'all_1961-1990'!$H$1,0,IF(UrbanPopRate!H119>=$J$1,0,1)),0) -> 0 | M93: =IF($D93=1,IF(GDP_per_cap!I119>'all_1961-1990'!$H$1,0,IF(UrbanPopRate!I119>=$J$1,0,1)),0) -> 0 | N93: =IF($D93=1,IF(GDP_per_cap!J119>'all_1961-1990'!$H$1,0,IF(UrbanPopRate!J119>=$J$1,0,1)),0) -> 0 | ... BF93: =IF($D93=1,IF(GDP_per_cap!BB119>'all_1961-1990'!$H$1,0,IF(UrbanPopRate!BB119>=$J$1,0,1)),0) -> 0
A94: 99 | B94: Hungary | C94: 3 | D94: 1 | E94: 61.9197 | F94: 12715.608 | G94: =IF($D94=1,IF(GDP_per_cap!C61>'all_1961-1990'!$H$1,0,IF(UrbanPopRate!C61>=$J$1,0,1)),0) -> 0 | H94: =IF($D94=1,IF(GDP_per_cap!D61>'all_1961-1990'!$H$1,0,IF(UrbanPopRate!D61>=$J$1,0,1)),0) -> 0 | I94: =IF($D94=1,IF(GDP_per_cap!E61>'all_1961-1990'!$H$1,0,IF(UrbanPopRate!E61>=$J$1,0,1)),0) -> 0 | J94: =IF($D94=1,IF(GDP_per_cap!F61>'all_1961-1990'!$H$1,0,IF(UrbanPopRate!F61>=$J$1,0,1)),0) -> 0 | K94: =IF($D94=1,IF(GDP_per_cap!G61>'all_1961-1990'!$H$1,0,IF(UrbanPopRate!G61>=$J$1,0,1)),0) -> 0 | L94: =IF($D94=1,IF(GDP_per_cap!H61>'all_1961-1990'!$H$1,0,IF(UrbanPopRate!H61>=$J$1,0,1)),0) -> 0 | M94: =IF($D94=1,IF(GDP_per_cap!I61>'all_1961-1990'!$H$1,0,IF(UrbanPopRate!I61>=$J$1,0,1)),0) -> 0 | N94: =IF($D94=1,IF(GDP_per_cap!J61>'all_1961-1990'!$H$1,0,IF(UrbanPopRate!J61>=$J$1,0,1)),0) -> 0 | ... BF94: =IF($D94=1,IF(GDP_per_cap!BB61>'all_1961-1990'!$H$1,0,IF(UrbanPopRate!BB61>=$J$1,0,1)),0) -> 0
A95: 235 | B95: Venezuela | C95: 3 | D95: 1 | E95: 75.164267 | F95: 10039.251 | G95: =IF($D95=1,IF(GDP_per_cap!C152>'all_1961-1990'!$H$1,0,IF(UrbanPopRate!C152>=$J$1,0,1)),0) -> 0 | H95: =IF($D95=1,IF(GDP_per_cap!D152>'all_1961-1990'!$H$1,0,IF(UrbanPopRate!D152>=$J$1,0,1)),0) -> 0 | I95: =IF($D95=1,IF(GDP_per_cap!E152>'all_1961-1990'!$H$1,0,IF(UrbanPopRate!E152>=$J$1,0,1)),0) -> 0 | J95: =IF($D95=1,IF(GDP_per_cap!F152>'all_1961-1990'!$H$1,0,IF(UrbanPopRate!F152>=$J$1,0,1)),0) -> 0 | K95: =IF($D95=1,IF(GDP_per_cap!G152>'all_1961-1990'!$H$1,0,IF(UrbanPopRate!G152>=$J$1,0,1)),0) -> 0 | L95: =IF($D95=1,IF(GDP_per_cap!H152>'all_1961-1990'!$H$1,0,IF(UrbanPopRate!H152>=$J$1,0,1)),0) -> 0 | M95: =IF($D95=1,IF(GDP_per_cap!I152>'all_1961-1990'!$H$1,0,IF(UrbanPopRate!I152>=$J$1,0,1)),0) -> 0 | N95: =IF($D95=1,IF(GDP_per_cap!J152>'all_1961-1990'!$H$1,0,IF(UrbanPopRate!J152>=$J$1,0,1)),0) -> 0 | ... BF95: =IF($D95=1,IF(GDP_per_cap!BB152>'all_1961-1990'!$H$1,0,IF(UrbanPopRate!BB152>=$J$1,0,1)),0) -> 0
A96: 222 | B96: Turkey | C96: 4 | D96: 1 | E96: 43.067133 | F96: 6992.1892 | G96: =IF($D96=1,IF(GDP_per_cap!C143>'all_1961-1990'!$H$1,0,IF(UrbanPopRate!C143>=$J$1,0,1)),0) -> 0 | H96: =IF($D96=1,IF(GDP_per_cap!D143>'all_1961-1990'!$H$1,0,IF(UrbanPopRate!D143>=$J$1,0,1)),0) -> 0 | I96: =IF($D96=1,IF(GDP_per_cap!E143>'all_1961-1990'!$H$1,0,IF(UrbanPopRate!E143>=$J$1,0,1)),0) -> 0 | J96: =IF($D96=1,IF(GDP_per_cap!F143>'all_1961-1990'!$H$1,0,IF(UrbanPopRate!F143>=$J$1,0,1)),0) -> 0 | K96: =IF($D96=1,IF(GDP_per_cap!G143>'all_1961-1990'!$H$1,0,IF(UrbanPopRate!G143>=$J$1,0,1)),0) -> 0 | L96: =IF($D96=1,IF(GDP_per_cap!H143>'all_1961-1990'!$H$1,0,IF(UrbanPopRate!H143>=$J$1,0,1)),0) -> 0 | M96: =IF($D96=1,IF(GDP_per_cap!I143>'all_1961-1990'!$H$1,0,IF(UrbanPopRate!I143>=$J$1,0,1)),0) -> 0 | N96: =IF($D96=1,IF(GDP_per_cap!J143>'all_1961-1990'!$H$1,0,IF(UrbanPopRate!J143>=$J$1,0,1)),0) -> 0 | ... BF96: =IF($D96=1,IF(GDP_per_cap!BB143>'all_1961-1990'!$H$1,0,IF(UrbanPopRate!BB143>=$J$1,0,1)),0) -> 0
A97: 109 | B97: Jamaica | C97: 4 | D97: 1 | E97: 43.528833 | F97: 5247.4458 | G97: =IF($D97=1,IF(GDP_per_cap!C69>'all_1961-1990'!$H$1,0,IF(UrbanPopRate!C69>=$J$1,0,1)),0) -> 0 | H97: =IF($D97=1,IF(GDP_per_cap!D69>'all_1961-1990'!$H$1,0,IF(UrbanPopRate!D69>=$J$1,0,1)),0) -> 0 | I97: =IF($D97=1,IF(GDP_per_cap!E69>'all_1961-1990'!$H$1,0,IF(UrbanPopRate!E69>=$J$1,0,1)),0) -> 0 | J97: =IF($D97=1,IF(GDP_per_cap!F69>'all_1961-1990'!$H$1,0,IF(UrbanPopRate!F69>=$J$1,0,1)),0) -> 0 | K97: =IF($D97=1,IF(GDP_per_cap!G69>'all_1961-1990'!$H$1,0,IF(UrbanPopRate!G69>=$J$1,0,1)),0) -> 0 | L97: =IF($D97=1,IF(GDP_per_cap!H69>'all_1961-1990'!$H$1,0,IF(UrbanPopRate!H69>=$J$1,0,1)),0) -> 0 | M97: =IF($D97=1,IF(GDP_per_cap!I69>'all_1961-1990'!$H$1,0,IF(UrbanPopRate!I69>=$J$1,0,1)),0) -> 0 | N97: =IF($D97=1,IF(GDP_per_cap!J69>'all_1961-1990'!$H$1,0,IF(UrbanPopRate!J69>=$J$1,0,1)),0) -> 0 | ... BF97: =IF($D97=1,IF(GDP_per_cap!BB69>'all_1961-1990'!$H$1,0,IF(UrbanPopRate!BB69>=$J$1,0,1)),0) -> 0
A98: 29 | B98: Botswana | C98: 4 | D98: 1 | E98: 15.523967 | F98: 5086.3358 | G98: =IF($D98=1,IF(GDP_per_cap!C18>'all_1961-1990'!$H$1,0,IF(UrbanPopRate!C18>=$J$1,0,1)),0) -> 1 | H98: =IF($D98=1,IF(GDP_per_cap!D18>'all_1961-1990'!$H$1,0,IF(UrbanPopRate!D18>=$J$1,0,1)),0) -> 1 | I98: =IF($D98=1,IF(GDP_per_cap!E18>'all_1961-1990'!$H$1,0,IF(UrbanPopRate!E18>=$J$1,0,1)),0) -> 1 | J98: =IF($D98=1,IF(GDP_per_cap!F18>'all_1961-1990'!$H$1,0,IF(UrbanPopRate!F18>=$J$1,0,1)),0) -> 1 | K98: =IF($D98=1,IF(GDP_per_cap!G18>'all_1961-1990'!$H$1,0,IF(UrbanPopRate!G18>=$J$1,0,1)),0) -> 1 | L98: =IF($D98=1,IF(GDP_per_cap!H18>'all_1961-1990'!$H$1,0,IF(UrbanPopRate!H18>=$J$1,0,1)),0) -> 1 | M98: =IF($D98=1,IF(GDP_per_cap!I18>'all_1961-1990'!$H$1,0,IF(UrbanPopRate!I18>=$J$1,0,1)),0) -> 1 | N98: =IF($D98=1,IF(GDP_per_cap!J18>'all_1961-1990'!$H$1,0,IF(UrbanPopRate!J18>=$J$1,0,1)),0) -> 1 | ... BF98: =IF($D98=1,IF(GDP_per_cap!BB18>'all_1961-1990'!$H$1,0,IF(UrbanPopRate!BB18>=$J$1,0,1)),0) -> 0
A99: 112 | B99: Jordan | C99: 4 | D99: 1 | E99: 59.628333 | F99: 3972.8567 | G99: =IF($D99=1,IF(GDP_per_cap!C71>'all_1961-1990'!$H$1,0,IF(UrbanPopRate!C71>=$J$1,0,1)),0) -> 0 | H99: =IF($D99=1,IF(GDP_per_cap!D71>'all_1961-1990'!$H$1,0,IF(UrbanPopRate!D71>=$J$1,0,1)),0) -> 0 | I99: =IF($D99=1,IF(GDP_per_cap!E71>'all_1961-1990'!$H$1,0,IF(UrbanPopRate!E71>=$J$1,0,1)),0) -> 0 | J99: =IF($D99=1,IF(GDP_per_cap!F71>'all_1961-1990'!$H$1,0,IF(UrbanPopRate!F71>=$J$1,0,1)),0) -> 0 | K99: =IF($D99=1,IF(GDP_per_cap!G71>'all_1961-1990'!$H$1,0,IF(UrbanPopRate!G71>=$J$1,0,1)),0) -> 0 | L99: =IF($D99=1,IF(GDP_per_cap!H71>'all_1961-1990'!$H$1,0,IF(UrbanPopRate!H71>=$J$1,0,1)),0) -> 0 | M99: =IF($D99=1,IF(GDP_per_cap!I71>'all_1961-1990'!$H$1,0,IF(UrbanPopRate!I71>=$J$1,0,1)),0) -> 0 | N99: =IF($D99=1,IF(GDP_per_cap!J71>'all_1961-1990'!$H$1,0,IF(UrbanPopRate!J71>=$J$1,0,1)),0) -> 0 | ... BF99: =IF($D99=1,IF(GDP_per_cap!BB71>'all_1961-1990'!$H$1,0,IF(UrbanPopRate!BB71>=$J$1,0,1)),0) -> 0
A100: 50 | B100: Congo | C100: 4 | D100: 1 | E100: 43.8298 | F100: 3854.837 | G100: =IF($D100=1,IF(GDP_per_cap!C31>'all_1961-1990'!$H$1,0,IF(UrbanPopRate!C31>=$J$1,0,1)),0) -> 0 | H100: =IF($D100=1,IF(GDP_per_cap!D31>'all_1961-1990'!$H$1,0,IF(UrbanPopRate!D31>=$J$1,0,1)),0) -> 0 | I100: =IF($D100=1,IF(GDP_per_cap!E31>'all_1961-1990'!$H$1,0,IF(UrbanPopRate!E31>=$J$1,0,1)),0) -> 0 | J100: =IF($D100=1,IF(GDP_per_cap!F31>'all_1961-1990'!$H$1,0,IF(UrbanPopRate!F31>=$J$1,0,1)),0) -> 0 | K100: =IF($D100=1,IF(GDP_per_cap!G31>'all_1961-1990'!$H$1,0,IF(UrbanPopRate!G31>=$J$1,0,1)),0) -> 0 | L100: =IF($D100=1,IF(GDP_per_cap!H31>'all_1961-1990'!$H$1,0,IF(UrbanPopRate!H31>=$J$1,0,1)),0) -> 0 | M100: =IF($D100=1,IF(GDP_per_cap!I31>'all_1961-1990'!$H$1,0,IF(UrbanPopRate!I31>=$J$1,0,1)),0) -> 0 | N100: =IF($D100=1,IF(GDP_per_cap!J31>'all_1961-1990'!$H$1,0,IF(UrbanPopRate!J31>=$J$1,0,1)),0) -> 0 | ... BF100: =IF($D100=1,IF(GDP_per_cap!BB31>'all_1961-1990'!$H$1,0,IF(UrbanPopRate!BB31>=$J$1,0,1)),0) -> 0
...

Sheet Correlation
A1: code | B1: country | C1: Group | D1: Correl
A2: 1 | B2: Afghanistan | C2: 2 | D2: 0
A3: 3 | B3: Albania | C3: 2 | D3: 0
A4: 4 | B4: Algeria | C4: 2 | D4: 0
A5: 7 | B5: Angola | C5: 2 | D5: 0
A6: 11 | B6: Argentina | C6: 2 | D6: 0
A7: 12 | B7: Armenia | D7: 1
A8: 14 | B8: Australia | C8: 3 | D8: 1
A9: 15 | B9: Austria | C9: 1 | D9: 0
A10: 16 | B10: Azerbaijan | D10: 1
A11: 18 | B11: Bahrain | D11: 1
A12: 19 | B12: Bangladesh | C12: 2 | D12: 0
A13: 21 | B13: Belarus | D13: 1
A14: 22 | B14: Belgium | C14: 3 | D14: 1
A15: 24 | B15: Benin | C15: 4 | D15: 1
A16: 27 | B16: Bolivia | C16: 2 | D16: 0
A17: 28 | B17: Bosnia And Herzegovina | D17: 1
A18: 29 | B18: Botswana | C18: 4 | D18: 1
A19: 31 | B19: Brazil | C19: 2 | D19: 0
A20: 34 | B20: Bulgaria | C20: 2 | D20: 0
A21: 35 | B21: Burkina Faso | C21: 4 | D21: 1
A22: 36 | B22: Burundi | C22: 2 | D22: 0
A23: 37 | B23: Cambodia | C23: 2 | D23: 0
A24: 38 | B24: Cameroon | C24: 2 | D24: 0
A25: 39 | B25: Canada | C25: 3 | D25: 1
A26: 42 | B26: Central African Republic | C26: 2 | D26: 0
A27: 43 | B27: Chad | C27: 4 | D27: 1
A28: 44 | B28: Chile | C28: 2 | D28: 0
A29: 45 | B29: China | C29: 2 | D29: 0
... A31: 50 | B31: Congo | C31: 4 | D31: 1
A32: 51 | B32: Congo, The Democratic Republic Of The | D32: 1
A33: 53 | B33: Costa Rica | C33: 2 | D33: 0
A34: 54 | B34: Cote D'Ivoire | D34: 1
A35: 55 | B35: Croatia | D35: 1
A36: 56 | B36: Cuba | C36: 2 | D36: 0
A37: 57 | B37: Cyprus | D37: 1
A38: 58 | B38: Czech Republic | C38: 1 | D38: 0
A39: 59 | B39: Denmark | C39: 3 | D39: 1
A40: 62 | B40: Dominican Republic | C40: 2 | D40: 0
A41: 63 | B41: Ecuador | C41: 2 | D41: 0
A42: 64 | B42: Egypt | C42: 2 | D42: 0
A43: 65 | B43: El Salvador | C43: 4 | D43: 1
A44: 67 | B44: Eritrea | D44: 1
A45: 68 | B45: Estonia | D45: 1
A46: 69 | B46: Ethiopia | C46: 2 | D46: 0
A47: 73 | B47: Finland | C47: 1 | D47: 0
A48: 74 | B48: France | C48: 1 | D48: 0
A49: 78 | B49: Gabon | C49: 1 | D49: 0
A50: 79 | B50: Gambia | C50: 2 | D50: 0
A51: 80 | B51: Georgia | D51: 1
A52: 81 | B52: Germany | C52: 1 | D52: 0
A53: 82 | B53: Ghana | C53: 4 | D53: 1
A54: 84 | B54: Greece | C54: 1 | D54: 0
A55: 89 | B55: Guatemala | C55: 2 | D55: 0
A56: 91 | B56: Guinea | C56: 4 | D56: 1
A57: 92 | B57: Guinea-Bissau | C57: 2 | D57: 0
A58: 94 | B58: Haiti | C58: 2 | D58: 0
A59: 97 | B59: Honduras | C59: 2 | D59: 0
A60: 98 | B60: Hong Kong | D60: 1
A61: 99 | B61: Hungary | C61: 3 | D61: 1
A62: 101 | B62: India | C62: 4 | D62: 1
A63: 102 | B63: Indonesia | C63: 4 | D63: 1
A64: 103 | B64: Iran, Islamic Republic Of | C64: 2 | D64: 0
A65: 104 | B65: Iraq | C65: 2 | D65: 0
A66: 105 | B66: Ireland | C66: 1 | D66: 0
A67: 107 | B67: Israel | C67: 1 | D67: 0
A68: 108 | B68: Italy | C68: 3 | D68: 1
A69: 109 | B69: Jamaica | C69: 4 | D69: 1
A70: 110 | B70: Japan | C70: 1 | D70: 0
A71: 112 | B71: Jordan | C71: 4 | D71: 1
A72: 113 | B72: Kazakhstan | D72: 1
A73: 114 | B73: Kenya | C73: 4 | D73: 1
A74: 116 | B74: Korea, Democratic People'S Republic Of | C74: 2 | D74: 0
A75: 117 | B75: Korea, Republic Of | C75: 2 | D75: 0
A76: 118 | B76: Kuwait | C76: 1 | D76: 0
A77: 119 | B77: Kyrgyzstan | D77: 1
A78: 120 | B78: Lao People'S Democratic Republic | D78: 1
A79: 121 | B79: Latvia | D79: 1
A80: 122 | B80: Lebanon | C80: 2 | D80: 0
A81: 123 | B81: Lesotho | C81: 2 | D81: 0
A82: 124 | B82: Liberia | C82: 2 | D82: 0
A83: 125 | B83: Libyan Arab Jamahiriya | C83: 1 | D83: 0
A84: 127 | B84: Lithuania | D84: 1
A85: 130 | B85: Macedonia, The Former Yugoslav Republic Of | D85: 1
A86: 131 | B86: Madagascar | C86: 2 | D86: 0
A87: 132 | B87: Malawi | C87: 4 | D87: 1
A88: 133 | B88: Malaysia | C88: 2 | D88: 0
A89: 135 | B89: Mali | C89: 4 | D89: 1
A90: 139 | B90: Mauritania | C90: 4 | D90: 1
A91: 140 | B91: Mauritius | D91: 1
A92: 142 | B92: Mexico | C92: 1 | D92: 0
A93: 144 | B93: Moldova, Republic Of | D93: 1
A94: 146 | B94: Mongolia | C94: 4 | D94: 1
A95: 148 | B95: Morocco | C95: 4 | D95: 1
A96: 149 | B96: Mozambique | C96: 2 | D96: 0
A97: 150 | B97: Myanmar | C97: 2 | D97: 0
A98: 151 | B98: Namibia | C98: 2 | D98: 0
A99: 153 | B99: Nepal | C99: 2 | D99: 0
A100: 154 | B100: Netherlands | C100: 3 | D100: 1
A101: 157 | B101: New Zealand | C101: 1 | D101: 0
...

Sheet GDP_per_cap
A1: GDP per capita (current US$) byWB | B1: county | C1: 1961 | D1: 1962 | E1: 1963 | F1: 1964 | G1: 1965 | H1: 1966 | I1: 1967 | J1: 1968 | K1: 1969 | L1: 1970 | M1: 1971 | N1: 1972 | O1: 1973 | P1: 1974 | Q1: 1975 | R1: 1976 | S1: 1977 | T1: 1978 | U1: 1979 | V1: 1980 | W1: 1981 | X1: 1982 | Y1: 1983 | Z1: 1984 | AA1: 1985 | AB1: 1986 | AC1: 1987 | AD1: 1988 | AE1: 1989 | AF1: 1990 | AG1: 1991 | AH1: 1992 | AI1: 1993 | AJ1: 1994 | AK1: 1995 | AL1: 1996 | AM1: 1997 | AN1: 1998 | AO1: 1999 | AP1: 2000 | AQ1: 2001 | AR1: 2002 | AS1: 2003 | AT1: 2004 | AU1: 2005 | AV1: 2006 | AW1: 2007 | AX1: 2008 | AY1: 2009 | AZ1: 2010 | BA1: 2011 | BB1: ave
A2: 1 | B2: Afghanistan | C2: 61.304093 | D2: 59.798693 | E2: 80.423002 | F2: 83.794812 | G2: 103.0891 | H2: 140.13838 | I2: 163.70079 | J2: 131.22144 | K2: 131.31362 | L2: 158.76423 | M2: 161.70952 | N2: 137.02369 | O2: 144.8506 | P2: 175.62552 | Q2: 188.55212 | R2: 199.54661 | S2: 226.57889 | T2: 250.00764 | U2: 278.93978 | V2: 276.29775 | W2: 268.34656 | AQ2: 115.31251 | AR2: 185.95929 | AS2: 198.2878 | AT2: 220.05629 | AU2: 252.40789 | AV2: 275.35094 | AW2: 373.59142 | AX2: 376.97767 | AY2: 450.65924 | AZ2: 561.19762 | BA2: 619.59212 | BB2: 220.32561
A3: 3 | B3: Albania | Z3: 641.13099 | AA3: 638.54103 | AB3: 687.41156 | AC3: 663.26832 | AD3: 637.20727 | AE3: 685.9122 | AF3: 609.7177 | AG3: 329.26148 | AH3: 205.82588 | AI3: 359.37091 | AJ3: 586.71918 | AK3: 722.03737 | AL3: 901.8794 | AM3: 659.2659 | AN3: 820.26208 | AO3: 1035.1005 | AP3: 1115.4939 | AQ3: 1244.953 | AR3: 1363.3346 | AS3: 1744.876 | AT3: 2320.8923 | AU3: 2620.8207 | AV3: 2872.2606 | AW3: 3380.8942 | AX3: 4108.4141 | AY3: 3845.7217 | AZ3: 3764.3263 | BA3: 4109.082 | BB3: 1524.0708
A4: 4 | B4: Algeria | C4: 210.60813 | D4: 168.97197 | E4: 222.7193 | F4: 233.81011 | G4: 245.57699 | H4: 231.64518 | I4: 249.75744 | J4: 277.39142 | K4: 297.98455 | L4: 331.05545 | M4: 336.27971 | N4: 435.90985 | O4: 546.89559 | P4: 806.71629 | Q4: 924.2237 | R4: 1024.0818 | S4: 1177.632 | T4: 1438.2827 | U4: 1760.3372 | V4: 2174.3175 | W4: 2205.9701 | X4: 2176.9168 | Y4: 2274.7746 | Z4: 2424.2487 | AA4: 2535.8585 | AB4: 2705.946 | AC4: 2755.0138 | AD4: 2372.585 | AE4: 2175.0935 | AF4: 2364.5499 | AG4: 1699.8565 | AH4: 1743.3461 | AI4: 1773.8205 | AJ4: 1479.6002 | AK4: 1424.6425 | AL4: 1572.8319 | AM4: 1587.6461 | AN4: 1563.501 | AO4: 1555.191 | AP4: 1727.3333 | AQ4: 1716.3499 | AR4: 1751.5451 | AS4: 2060.9549 | AT4: 2540.6613 | AU4: 3013.4387 | AV4: 3395.5022 | AW4: 3869.3732 | AX4: 4786.2132 | AY4: 3796.2456 | AZ4: 4364.9617 | BA4: 5257.5008 | BB4: 1760.1112
A5: 7 | B5: Angola | AA5: 750.72196 | AB5: 681.90846 | AC5: 772.21051 | AD5: 813.96094 | AE5: 923.5829 | AF5: 992.87287 | AG5: 1144.6596 | AH5: 525.26778 | AI5: 464.78434 | AJ5: 345.68916 | AK5: 416.3201 | AL5: 604.43944 | AM5: 597.93178 | AN5: 490.58201 | AO5: 455.41395 | AP5: 655.62949 | AQ5: 621.19593 | AR5: 767.92261 | AS5: 905.01266 | AT5: 1237.7531 | AU5: 1706.5436 | AV5: 2440.6317 | AW5: 3412.719 | AX5: 4596.2684 | AY5: 3988.6836 | AZ5: 4218.6491 | BA5: 5159.2337 | BB5: 1470.0218
A6: 11 | B6: Argentina | D6: 1148.1696 | E6: 844.72502 | F6: 1165.7852 | G6: 1271.4156 | H6: 1265.7773 | I6: 1057.3281 | J6: 1136.1259 | K6: 1323.7079 | L6: 1317.187 | M6: 1366.1181 | N6: 1401.3249 | O6: 2083.8119 | P6: 2824.4277 | Q6: 2011.4214 | R6: 1932.1031 | S6: 2111.6214 | T6: 2128.1161 | U6: 2499.9566 | V6: 2736.8974 | W6: 2755.7444 | X6: 2908.2509 | Y6: 3532.4505 | Z6: 2646.4067 | AA6: 2914.1545 | AB6: 3602.1792 | AC6: 3554.8778 | AD6: 3979.6371 | AE6: 2382.2172 | AF6: 4332.6564 | AG6: 5736.0205 | AH6: 6824.9971 | AI6: 6971.1422 | AJ6: 7483.8639 | AK6: 7407.6452 | AL6: 7717.4799 | AM6: 8205.453 | AN6: 8278.9725 | AO6: 7764.6565 | AP6: 7701.3585 | AQ6: 7208.8146 | AR6: 2711.8508 | AS6: 3413.1091 | AT6: 3997.2433 | AU6: 4740.067 | AV6: 5490.4352 | AW6: 6630.0453 | AX6: 8231.226 | AY6: 7674.3424 | AZ6: 9132.958 | BA6: 10951.582 | BB6: 4170.1572
A7: 12 | B7: Armenia | AF7: 636.68069 | AG7: 589.00295 | AH7: 368.91684 | AI7: 356.50735 | AJ7: 399.7512 | AK7: 455.55028 | AL7: 503.23197 | AM7: 522.52207 | AN7: 608.33665 | AO7: 596.506 | AP7: 621.42483 | AQ7: 692.31883 | AR7: 779.89284 | AS7: 924.58215 | AT7: 1182.0974 | AU7: 1625.3969 | AV7: 2126.0896 | AW7: 3079.1441 | AX7: 3916.7304 | AY7: 2913.6006 | AZ7: 3124.7843 | BA7: 3420.2657 | BB7: 1338.3333
A8: 14 | B8: Australia | C8: 1874.3048 | D8: 1850.0695 | E8: 1962.9231 | F8: 2127.266 | G8: 2277.0667 | H8: 2338.6123 | I8: 2574.3861 | J8: 2719.0568 | K8: 2985.7623 | L8: 3299.9328 | M8: 3489.9523 | N8: 3942.4578 | O8: 4763.7241 | P8: 6474.6687 | Q8: 6992.1458 | R8: 7477.1979 | S8: 7763.6965 | T8: 8239.6406 | U8: 9281.4451 | V8: 10198.186 | W8: 11849.144 | X8: 12776.409 | Y8: 11523.297 | Z8: 12453.62 | AA8: 11461.127 | AB8: 11360.615 | AC8: 11616.646 | AD8: 14283.869 | AE8: 17825.821 | AF8: 18248.477 | AG8: 18870.293 | AH8: 18610.342 | AI8: 17677.886 | AJ8: 18113.283 | AK8: 20395.927 | AL8: 21948.589 | AM8: 23540.065 | AN8: 21364.205 | AO8: 20578.827 | AP8: 21708.037 | AQ8: 19541.422 | AR8: 20100.988 | AS8: 23446.328 | AT8: 30381.057 | AU8: 33947.564 | AV8: 35992.036 | AW8: 40470.149 | AX8: 49206.681 | AY8: 42403.596 | AZ8: 51586.087 | BA8: 62002.844 | BB8: 16429.759
A9: 15 | B9: Austria | C9: 1031.815 | D9: 1087.8342 | E9: 1167.0005 | F9: 1269.4126 | G9: 1374.5321 | H9: 1486.9686 | I9: 1569.6672 | J9: 1677.6735 | K9: 1825.3861 | L9: 2037.6167 | M9: 2356.5156 | N9: 2894.0063 | O9: 3850.748 | P9: 4583.1794 | Q9: 5231.3147 | R9: 5620.0452 | S9: 6740.6533 | T9: 8121.1635 | U9: 9693.1412 | V9: 10757.869 | W9: 9288.8222 | X9: 9313.6625 | Y9: 9439.4173 | Z9: 8898.6882 | AA9: 9077.8599 | AB9: 12948.653 | AC9: 16224.345 | AD9: 17398.011 | AE9: 17289.465 | AF9: 21458.233 | AG9: 22180.655 | AH9: 24624.538 | AI9: 23834.107 | AJ9: 25383.199 | AK9: 30014.273 | AL9: 29485.608 | AM9: 26082.459 | AN9: 26743.792 | AO9: 26563.21 | AP9: 23974.183 | AQ9: 23833.834 | AR9: 25679.094 | AS9: 31268.631 | AT9: 35662.212 | AU9: 37067.324 | AV9: 39299.614 | AW9: 45181.468 | AX9: 49679.111 | AY9: 45859.426 | AZ9: 44916.361 | BA9: 49581.465 | BB9: 17502.515
A10: 16 | B10: Azerbaijan | AF10: 1237.3245 | AG10: 1209.2375 | AH10: 676.15151 | AI10: 530.09038 | AJ10: 436.19056 | AK10: 397.19812 | AL10: 409.21675 | AM10: 505.56057 | AN10: 561.9103 | AO10: 573.89026 | AP10: 655.09743 | AQ10: 703.67125 | AR10: 763.10121 | AS10: 883.61401 | AT10: 1045.0264 | AU10: 1578.3673 | AV10: 2472.9975 | AW10: 3851.3257 | AX10: 5574.6038 | AY10: 4950.2948 | AZ10: 5843.1698 | BA10: 7189.8152 | BB10: 1911.2661
A11: 18 | B11: Bahrain | V11: 8537.5973 | W11: 9269.1463 | X11: 9446.1583 | Y11: 9421.4523 | Z11: 9590.7774 | AA11: 8706.8294 | AB11: 7041.4233 | AC11: 7554.512 | AD11: 7957.7901 | AE11: 8029.9871 | AF11: 8528.7601 | AG11: 9057.7235 | AH11: 9088.5794 | AI11: 9707.2228 | AJ11: 10138.124 | AK11: 10376.365 | AL11: 10525.95 | AM11: 10628.059 | AN11: 10013.879 | AO11: 10330.866 | AP11: 11927.904 | AQ11: 11347.328 | AR11: 11591.41 | AS11: 12625.476 | AT11: 13693.605 | AU11: 15303.784 | AV11: 16672.723 | AW11: 17894.168 | AX11: 19625.58 | AY11: 16213.336 | AZ11: 20545.988 | BA11: 22466.945 | BB11: 11683.108
A12: 19 | B12: Bangladesh | C12: 94.548557 | D12: 96.967536 | E12: 98.674347 | F12: 97.040553 | G12: 103.26213 | H12: 109.0921 | I12: 118.97624 | J12: 118.96006 | K12: 130.88708 | L12: 135.6187 | M12: 129.41178 | N12: 91.491917 | O12: 115.65462 | P12: 175.77201 | Q12: 268.39905 | R12: 136.36094 | S12: 126.94332 | T12: 170.47919 | U12: 194.2375 | V12: 219.57561 | W12: 233.15219 | X12: 207.75188 | Y12: 191.90003 | Z12: 214.26183 | AA12: 229.22635 | AB12: 218.48121 | AC12: 239.06439 | AD12: 251.03243 | AE12: 256.01649 | AF12: 280.56562 | AG12: 281.59876 | AH12: 282.02962 | AI12: 288.66179 | AJ12: 287.71243 | AK12: 316.50859 | AL12: 332.23626 | AM12: 338.69856 | AN12: 345.87594 | AO12: 351.58259 | AP12: 355.97343 | AQ12: 348.75689 | AR12: 347.21861 | AS12: 372.98052 | AT12: 400.47247 | AU12: 421.12331 | AV12: 427.29117 | AW12: 467.13636 | AX12: 537.6385 | AY12: 597.7118 | AZ12: 664.06423 | BA12: 732.06775 | BB12: 265.70873
A13: 21 | B13: Belarus | AF13: 1704.7403 | AG13: 1747.4387 | AH13: 1666.2275 | AI13: 1590.0354 | AJ13: 1460.0175 | AK13: 1370.6727 | AL13: 1452.447 | AM13: 1396.5022 | AN13: 1511.7703 | AO13: 1209.6149 | AP13: 1273.0491 | AQ13: 1244.442 | AR13: 1479.4653 | AS13: 1819.479 | AT13: 2378.3749 | AU13: 3126.3678 | AV13: 3848.5963 | AW13: 4735.9531 | AX13: 6377.3597 | AY13: 5182.6304 | AZ13: 5818.8549 | BA13: 6784.7118 | BB13: 2689.9432
A14: 22 | B14: Belgium | C14: 1350.1977 | D14: 1438.5232 | E14: 1535.0237 | F14: 1701.8463 | G14: 1835.5948 | H14: 1957.6261 | I14: 2086.636 | J14: 2222.3615 | K14: 2458.0818 | L14: 2732.2242 | M14: 3045.4022 | N14: 3784.9928 | O14: 4841.3071 | P14: 5664.0057 | Q14: 6619.8073 | R14: 7154.8841 | S14: 8324.3731 | T14: 10164.52 | U14: 11666.856 | V14: 12707.42 | W14: 10493.5 | X14: 9230.1265 | Y14: 8738.5568 | Z14: 8354.3258 | AA14: 8644.3025 | AB14: 12021.905 | AC14: 14951.617 | AD14: 16191.579 | AE14: 16323.917 | AF14: 20349.625 | AG14: 20785.539 | AH14: 23088.125 | AI14: 22012.693 | AJ14: 23913.885 | AK14: 28067.97 | AL14: 27154.337 | AM14: 24532.027 | AN14: 25051.34 | AO14: 24886.866 | AP14: 22697.012 | AQ14: 22600.916 | AR14: 24465.334 | AS14: 30039.092 | AT14: 34706.694 | AU14: 36011.469 | AV14: 37918.773 | AW14: 43255.395 | AX14: 47374.448 | AY14: 43843.11 | AZ14: 43000.151 | BA14: 46512.89 | BB14: 17068.808
A15: 24 | B15: Benin | C15: 95.566922 | D15: 94.451874 | E15: 99.840445 | F15: 104.32376 | G15: 110.13261 | H15: 112.97355 | I15: 112.02764 | J15: 117.02246 | K15: 116.18851 | L15: 114.73666 | M15: 112.74552 | N15: 135.00867 | O15: 162.17494 | P15: 174.17073 | Q15: 207.44059 | R15: 208.76044 | S15: 218.52929 | T15: 263.63108 | U15: 327.82315 | V15: 377.95664 | W15: 337.79451 | X15: 322.47881 | Y15: 270.76709 | Z15: 252.43566 | AA15: 243.91151 | AB15: 302.66557 | AC15: 343.67917 | AD15: 345.80926 | AE15: 310.63273 | AF15: 391.89345 | AG15: 383.29536 | AH15: 315.21829 | AI15: 407.45019 | AJ15: 276.15912 | AK15: 362.47095 | AL15: 382.28544 | AM15: 356.57826 | AN15: 375.02411 | AO15: 369.24497 | AP15: 339.47303 | AQ15: 348.33455 | AR15: 378.65871 | AS15: 464.04614 | AT15: 511.29298 | AU15: 532.611 | AV15: 557.23245 | AW15: 632.36087 | AX15: 739.25613 | AY15: 712.61653 | AZ15: 689.64833 | BA15: 745.91547 | BB15: 318.95581
A16: 27 | B16: Bolivia | C16: 178.66706 | D16: 191.05306 | E16: 201.16787 | F16: 221.60765 | G16: 242.29889 | H16: 258.99014 | I16: 275.98538 | J16: 226.04237 | K16: 234.29193 | L16: 241.19324 | M16: 253.49975 | N16: 283.93781 | O16: 278.18583 | P16: 451.33576 | Q16: 504.32223 | R16: 559.36222 | S16: 645.23291 | T16: 733.79706 | U16: 843.16108 | V16: 845.14277 | W16: 1071.764 | X16: 993.91853 | Y16: 940.9967 | Z16: 1045.6523 | AA16: 890.16615 | AB16: 640.04805 | AC16: 682.90539 | AD16: 709.34843 | AE16: 710.7025 | AF16: 716.44831 | AG16: 768.06989 | AH16: 792.31105 | AI16: 786.35733 | AJ16: 801.36668 | AK16: 879.48213 | AL16: 947.48259 | AM16: 993.38384 | AN16: 1042.6106 | AO16: 995.51255 | AP16: 988.53329 | AQ16: 939.14537 | AR16: 893.94688 | AS16: 896.37212 | AT16: 954.92209 | AU16: 1020.7903 | AV16: 1203.2542 | AW16: 1355.8794 | AX16: 1695.5573 | AY16: 1735.1434 | AZ16: 1934.6753 | BA16: 2319.6085 | BB16: 784.6202
A17: 28 | B17: Bosnia And Herzegovina | AJ17: 343.17084 | AK17: 530.12642 | AL17: 799.30726 | AM17: 1038.4102 | AN17: 1130.7064 | AO17: 1248.8605 | AP17: 1435.9577 | AQ17: 1481.9457 | AR17: 1706.502 | AS17: 2148.4843 | AT17: 2578.7381 | AU17: 2821.7877 | AV17: 3199.8968 | AW17: 3949.8421 | AX17: 4802.4667 | AY17: 4433.1462 | AZ17: 4361.8771 | BA17: 4751.4824 | BB17: 2375.706
A18: 29 | B18: Botswana | C18: 61.302288 | D18: 64.791158 | E18: 67.480703 | F18: 71.785987 | G18: 76.839005 | H18: 83.94369 | I18: 92.877053 | J18: 101.7899 | K18: 115.22146 | L18: 138.84396 | M18: 177.29785 | N18: 223.27951 | O18: 318.831 | P18: 385.85237 | Q18: 431.65548 | R18: 435.24637 | S18: 508.14261 | T18: 638.71119 | U18: 853.31455 | V18: 1063.5123 | W18: 1038.178 | X18: 947.43717 | Y18: 1057.5298 | Z18: 1082.5479 | AA18: 941.01798 | AB18: 1137.9904 | AC18: 1555.6679 | AD18: 2029.2903 | AE18: 2295.4671 | AF18: 2739.0735 | AG18: 2767.8774 | AH18: 2830.2122 | AI18: 2763.6751 | AJ18: 2809.3646 | AK18: 3014.535 | AL18: 2961.0578 | AM18: 3125.4831 | AN18: 3067.5159 | AO18: 3400.998 | AP18: 3208.77 | AQ18: 3383.3717 | AR18: 3367.3732 | AS18: 4412.755 | AT18: 5417.8449 | AU18: 5467.2743 | AV18: 5341.4064 | AW18: 5711.7526 | AX18: 5746.9678 | AY18: 5178.4382 | AZ18: 6980.3649 | BA18: 7697.3957 | BB18: 2144.8893
A19: 31 | B19: Brazil | C19: 203.19048 | D19: 257.8233 | E19: 289.05833 | F19: 258.62794 | G19: 258.2389 | H19: 312.06332 | I19: 343.52639 | J19: 370.72458 | K19: 399.7325 | L19: 440.63545 | M19: 499.90368 | N19: 580.67114 | O19: 767.99478 | P19: 994.72601 | Q19: 1143.1322 | R19: 1377.8572 | S19: 1552.7813 | T19: 1728.6433 | U19: 1891.7059 | V19: 1930.5385 | W19: 2115.0744 | X19: 2208.8326 | Y19: 1558.4185 | Z19: 1567.3156 | AA19: 1636.6012 | AB19: 1928.7202 | AC19: 2074.4095 | AD19: 2287.237 | AE19: 2893.6578 | AF19: 3086.9155 | AG19: 2677.1499 | AH19: 2526.3366 | AI19: 2791.5187 | AJ19: 3426.1018 | AK19: 4749.8142 | AL19: 5107.7939 | AM19: 5219.0981 | AN19: 4979.1448 | AO19: 3411.8659 | AP19: 3694.4627 | AQ19: 3128.1448 | AR19: 2810.6953 | AS19: 3039.6716 | AT19: 3607.1916 | AU19: 4739.3054 | AV19: 5787.9756 | AW19: 7194.0789 | AX19: 8622.7087 | AY19: 8373.3397 | AZ19: 10978.094 | BA19: 12575.979 | BB19: 2870.5731
A20: 34 | B20: Bulgaria | V20: 2261.4173 | W20: 2255.7613 | X20: 2220.8232 | Y20: 1897.0786 | Z20: 1943.0626 | AA20: 1959.9388 | AB20: 2261.7577 | AC20: 3168.8651 | AD20: 2561.1087 | AE20: 2449.8008 | AF20: 2377.3358 | AG20: 1267.7344 | AH20: 1214.4849 | AI20: 1278.5174 | AJ20: 1149.378 | AK20: 1554.7217 | AL20: 1063.0757 | AM20: 1209.5027 | AN20: 1581.8246 | AO20: 1611.129 | AP20: 1579.3482 | AQ20: 1729.1912 | AR20: 2030.7885 | AS20: 2641.7877 | AT20: 3249.2874 | AU20: 3733.2632 | AV20: 4313.4306 | AW20: 5498.0357 | AX20: 6798.1382 | AY20: 6403.1477 | AZ20: 6334.6783 | BA20: 7286.6419 | BB20: 2777.658
A21: 35 | B21: Burkina Faso | C21: 71.558209 | D21: 76.520611 | E21: 78.372102 | F21: 80.472708 | G21: 81.72512 | H21: 82.545625 | I21: 84.363136 | J21: 84.733033 | K21: 86.520218 | L21: 81.499931 | M21: 84.287827 | N21: 99.326787 | O21: 113.78047 | P21: 124.35893 | Q21: 152.72815 | R21: 155.64894 | S21: 176.78325 | T21: 225.94156 | U21: 262.07584 | V21: 282.68579 | W21: 254.2308 | X21: 245.09463 | Y21: 217.99467 | Z21: 193.84316 | AA21: 200.89426 | AB21: 256.76245 | AC21: 291.1318 | AD21: 313.06183 | AE21: 304.85327 | AF21: 351.97925 | AG21: 346.41043 | AH21: 240.9634 | AI21: 244.12715 | AJ21: 193.07024 | AK21: 235.83223 | AL21: 249.36468 | AM21: 229.50523 | AN21: 255.73891 | AO21: 267.21158 | AP21: 224.92865 | AQ21: 235.4618 | AR21: 260.69358 | AS21: 332.22708 | AT21: 371.21799 | AU21: 406.9988 | AV21: 422.84482 | AW21: 474.58998 | AX21: 569.63929 | AY21: 553.04237 | AZ21: 592.60747 | BA21: 649.92523 | BB21: 244.55246
A22: 36 | B22: Burundi | C22: 71.469434 | D22: 73.760328 | E22: 78.874161 | F22: 86.571624 | G22: 51.637937 | H22: 52.457489 | I22: 55.112907 | J22: 55.225386 | K22: 56.059114 | L22: 70.212507 | M22: 72.084271 | N22: 69.574644 | O22: 84.941135 | P22: 95.275274 | Q22: 114.49217 | R22: 119.74668 | S22: 143.13061 | T22: 155.75823 | U22: 194.70681 | V22: 222.88094 | W22: 228.55979 | X22: 232.42352 | Y22: 241.35085 | Z22: 213.44345 | AA22: 240.87598 | AB22: 243.47906 | AC22: 221.5648 | AD22: 204.96827 | AE22: 204.41454 | AF22: 201.94914 | AG22: 203.0338 | AH22: 184.1062 | AI22: 156.34225 | AJ22: 151.33551 | AK22: 161.10158 | AL22: 138.06281 | AM22: 152.74121 | AN22: 138.61915 | AO22: 123.45967 | AP22: 130.42385 | AQ22: 128.19806 | AR22: 117.2814 | AS22: 108.01455 | AT22: 121.8593 | AU22: 143.78353 | AV22: 158.30502 | AW22: 162.82751 | AX22: 186.87175 | AY22: 194.89667 | AZ22: 219.5298 | BA22: 246.91433 | BB22: 146.759
A23: 37 | B23: Cambodia | C23: 109.51863 | D23: 109.55664 | E23: 117.91563 | F23: 123.73082 | G23: 134.34982 | H23: 138.80419 | I23: 143.85239 | J23: 156.87125 | K23: 141.8549 | L23: 102.31362 | M23: 135.29762 | N23: 68.928198 | O23: 93.927683 | P23: 77.761263 | AI23: 251.42662 | AJ23: 267.62833 | AK23: 319.54149 | AL23: 316.18598 | AM23: 302.16094 | AN23: 267.03781 | AO23: 294.07234 | AP23: 298.95036 | AQ23: 319.08486 | AR23: 337.07726 | AS23: 360.14489 | AT23: 405.93783 | AU23: 471.1625 | AV23: 536.65773 | AW23: 628.42685 | AX23: 742.57134 | AY23: 735.41926 | AZ23: 782.61889 | BA23: 878.38302 | BB23: 308.1567
A24: 38 | B24: Cameroon | C24: 120.11987 | D24: 125.02729 | E24: 126.52688 | F24: 133.73055 | G24: 135.9694 | H24: 139.17308 | I24: 148.72109 | J24: 163.59349 | K24: 174.59617 | L24: 171.32004 | M24: 177.58213 | N24: 200.57141 | O24: 240.00517 | P24: 299.54651 | Q24: 355.64611 | R24: 386.53089 | S24: 411.14247 | T24: 523.38879 | U24: 670.01008 | V24: 754.66482 | W24: 829.93423 | X24: 772.40726 | Y24: 755.52042 | Z24: 774.70257 | AA24: 784.90961 | AB24: 992.49634 | AC24: 1115.2116 | AD24: 1098.7558 | AE24: 950.76221 | AF24: 923.88128 | AG24: 1000.3242 | AH24: 890.55732 | AI24: 1027.557 | AJ24: 680.6306 | AK24: 626.95575 | AL24: 679.77738 | AM24: 668.99622 | AN24: 637.39083 | AO24: 675.95016 | AP24: 583.09486 | AQ24: 589.16514 | AR24: 648.29876 | AS24: 790.89534 | AT24: 892.52574 | AU24: 914.55312 | AV24: 964.60154 | AW24: 1069.8568 | AX24: 1211.3042 | AY24: 1103.6751 | AZ24: 1090.3826 | BA24: 1196.8433 | BB24: 635.28987
A25: 39 | B25: Canada | C25: 2231.2938 | D25: 2255.23 | E25: 2354.8391 | F25: 2529.5182 | G25: 2739.5858 | H25: 3010.7059 | I25: 3173.0762 | J25: 3411.0602 | K25: 3703.9904 | L25: 4047.2685 | M25: 4503.1807 | N25: 5048.4819 | O25: 5764.2611 | P25: 6915.8893 | Q25: 7354.2684 | R25: 8624.614 | S25: 8731.6789 | T25: 8931.2935 | U25: 9831.0794 | V25: 10933.732 | W25: 12075.025 | X25: 12217.373 | Y25: 13113.169 | Z25: 13506.372 | AA25: 13711.516 | AB25: 14076.752 | AC25: 15876.842 | AD25: 18522.658 | AE25: 20289.766 | AF25: 20968.041 | AG25: 21234.376 | AH25: 20320.474 | AI25: 19549.017 | AJ25: 19390.485 | AK25: 20117.1 | AL25: 20684.946 | AM25: 21260.287 | AN25: 20390.388 | AO25: 21681.379 | AP25: 23559.504 | AQ25: 23017.369 | AR25: 23425.226 | AS25: 27335.309 | AT25: 31011.911 | AU25: 35087.893 | AV25: 39249.998 | AW25: 43248.5 | AX25: 45101.557 | AY25: 39659.057 | AZ25: 46211.534 | BA25: 51554.059 | BB25: 17128.293
A26: 42 | B26: Central African Republic | C26: 80.520696 | D26: 79.968069 | E26: 81.587829 | F26: 87.858807 | G26: 91.322207 | H26: 93.845421 | I26: 95.324402 | J26: 109.25301 | K26: 104.92381 | L26: 103.4098 | M26: 108.03129 | N26: 121.17753 | O26: 139.97825 | P26: 142.41423 | Q26: 187.699 | R26: 218.83396 | S26: 240.59225 | T26: 282.80792 | U26: 316.51567 | V26: 350.49121 | W26: 296.91866 | X26: 310.35909 | Y26: 265.12591 | Z26: 249.54485 | AA26: 329.7192 | AB26: 417.31502 | AC26: 442.13407 | AD26: 458.96541 | AE26: 444.89449 | AF26: 510.67511 | AG26: 471.31304 | AH26: 470.09058 | AI26: 415.60978 | AJ26: 266.50719 | AK26: 342.49549 | AL26: 319.39718 | AM26: 292.30905 | AN26: 299.3603 | AO26: 294.5282 | AP26: 251.32541 | AQ26: 251.57119 | AR26: 263.16936 | AS26: 297.50888 | AT26: 326.07962 | AU26: 340.84393 | AV26: 365.35033 | AW26: 413.28486 | AX26: 473.87685 | AY26: 464.51428 | AZ26: 456.27216 | BA26: 488.22422 | BB26: 280.89881
A27: 43 | B27: Chad | C27: 109.09154 | D27: 114.5403 | E27: 116.73258 | F27: 120.77337 | G27: 125.92457 | H27: 128.29016 | I27: 130.90705 | J27: 129.67981 | K27: 132.11907 | L27: 128.74573 | M27: 134.64326 | N27: 153.40207 | O27: 165.57833 | P27: 163.11261 | Q27: 211.4532 | R27: 207.53176 | S27: 219.83849 | T27: 256.87871 | U27: 227.14816 | V27: 228.90711 | W27: 190.18724 | X27: 176.92377 | Y27: 172.3481 | Z27: 185.5033 | AA27: 202.88854 | AB27: 203.67763 | AC27: 215.16743 | AD27: 265.58982 | AE27: 248.70392 | AF27: 292.12534 | AG27: 305.59548 | AH27: 296.87131 | AI27: 223.65598 | AJ27: 174.64747 | AK27: 207.14143 | AL27: 222.73751 | AM27: 206.97009 | AN27: 225.88337 | AO27: 191.7647 | AP27: 166.85135 | AQ27: 198.27911 | AR27: 221.83373 | AS27: 293.91018 | AT27: 456.79443 | AU27: 529.43262 | AV27: 588.88796 | AW27: 655.16143 | AX27: 757.96022 | AY27: 622.79028 | AZ27: 728.67796 | BA27: 875.94031 | BB27: 264.90588
A28: 44 | B28: Chile | C28: 599.73615 | D28: 683.76929 | E28: 664.4147 | F28: 685.30749 | G28: 699.53095 | H28: 792.69586 | I28: 765.09301 | J28: 767.32417 | K28: 870.12317 | L28: 937.59097 | M28: 1096.2772 | N28: 1161.4329 | O28: 1622.4555 | P28: 1513.2602 | Q28: 693.09202 | R28: 931.68016 | S28: 1245.0557 | T28: 1415.6045 | U28: 1879.181 | V28: 2463.4884 | W28: 2872.8543 | X28: 2108.5391 | Y28: 1685.2186 | Z28: 1612.5854 | AA28: 1359.4518 | AB28: 1437.1523 | AC28: 1666.6613 | AD28: 1931.5457 | AE28: 2186.655 | AF28: 2388.3075 | AG28: 2706.8133 | AH28: 3244.2998 | AI28: 3416.8721 | AJ28: 3882.8082 | AK28: 4941.0452 | AL28: 5167.5992 | AM28: 5567.9422 | AN28: 5266.152 | AO28: 4781.7048 | AP28: 5133.0773 | AQ28: 4625.3364 | AR28: 4487.15 | AS28: 4866.3322 | AT28: 6223.9738 | AU28: 7614.5221 | AV28: 9371.4277 | AW28: 10383.491 | AX28: 10672.253 | AY28: 10106.508 | AZ28: 12670.673 | BA28: 14501.248 | BB28: 3536.614
A29: 45 | B29: China | C29: 75.872571 | D29: 69.789873 | E29: 73.688766 | F29: 83.930435 | G29: 97.470098 | H29: 103.18117 | I29: 95.496688 | J29: 90.371331 | K29: 98.889885 | L29: 111.82273 | M29: 117.18159 | N29: 130.11127 | O29: 155.07844 | P29: 157.99938 | Q29: 175.86575 | R29: 162.92051 | S29: 182.67857 | T29: 154.97206 | U29: 182.2847 | V29: 193.02205 | W29: 195.30541 | X29: 201.44475 | Y29: 223.25195 | Z29: 248.28891 | AA29: 291.77449 | AB29: 279.18511 | AC29: 249.41279 | AD29: 280.96786 | AE29: 307.48999 | AF29: 314.4306 | AG29: 329.74909 | AH29: 362.80841 | AI29: 373.80002 | AJ29: 469.21319 | AK29: 604.22806 | AL29: 703.1208 | AM29: 774.46716 | AN29: 820.86308 | AO29: 864.73031 | AP29: 949.17806 | AQ29: 1041.6377 | AR29: 1135.4479 | AS29: 1273.6407 | AT29: 1490.3801 | AU29: 1731.1252 | AV29: 2069.3436 | AW29: 2651.2601 | AX29: 3413.5887 | AY29: 3749.2724 | AZ29: 4447.7562 | BA29: 5441.7594 | BB29: 780.42255
A30: 48 | B30: Colombia | C30: 276.11834 | D30: 292.50608 | E30: 276.54138 | F30: 332.4839 | G30: 311.98739 | H30: 285.35113 | I30: 291.16702 | J30: 292.48744 | K30: 308.0239 | L30: 337.24279 | M30: 357.41781 | N30: 387.04071 | O30: 449.98407 | P30: 527.44647 | Q30: 545.86173 | R30: 624.70984 | S30: 774.66708 | T30: 904.30352 | U30: 1061.3135 | V30: 1240.0675 | W30: 1320.8044 | X30: 1383.1448 | Y30: 1344.6326 | Z30: 1299.4457 | AA30: 1160.1879 | AB30: 1137.52 | AC30: 1159.7716 | AD30: 1225.0466 | AE30: 1210.7582 | AF30: 1209.1835 | AG30: 1214.4537 | AH30: 1423.9292 | AI30: 1582.5814 | AJ30: 2274.8854 | AK30: 2529.3253 | AL30: 2609.2971 | AM30: 2814.1342 | AN30: 2552.4684 | AO30: 2196.7147 | AP30: 2503.5495 | AQ30: 2421.2726 | AR30: 2376.0838 | AS30: 2261.2836 | AT30: 2752.9135 | AU30: 3392.9244 | AV30: 3712.7855 | AW30: 4661.2134 | AX30: 5403.4557 | AY30: 5104.9912 | AZ30: 6179.7702 | BA30: 7144.3288 | BB30: 1753.7172
A31: 50 | B31: Congo | C31: 145.84795 | D31: 155.97879 | E31: 157.08022 | F31: 164.83062 | G31: 171.27317 | H31: 185.32353 | I31: 193.92252 | J31: 199.49869 | K31: 204.45793 | L31: 205.94919 | M31: 234.12576 | N31: 289.4981 | O31: 370.51243 | P31: 388.17284 | Q31: 493.66188 | R31: 471.50657 | S31: 464.52664 | T31: 518.343 | U31: 686.99327 | V31: 949.5577 | W31: 1077.5917 | X31: 1133.9499 | Y31: 1068.7429 | Z31: 1085.7524 | AA31: 1039.4237 | AB31: 864.91598 | AC31: 1045.3719 | AD31: 979.52497 | AE31: 1029.7804 | AF31: 1174.3238 | AG31: 1113.5395 | AH31: 1167.7683 | AI31: 744.24151 | AJ31: 668.23555 | AK31: 777.7616 | AL31: 908.1795 | AM31: 806.96678 | AN31: 658.30678 | AO31: 773.18205 | AP31: 1029.9746 | AQ31: 871.67094 | AR31: 919.68701 | AS31: 1039.3798 | AT31: 1347.8709 | AU31: 1718.1008 | AV31: 2120.0978 | AW31: 2233.3083 | AX31: 3059.2265 | AY31: 2401.2982 | AZ31: 2920.4067 | BA31: 3414.0547 | BB31: 938.11169
A32: 51 | B32: Congo, The Democratic Republic Of The | C32: 197.39117 | D32: 235.63264 | E32: 377.42791 | F32: 170.46631 | G32: 232.81143 | H32: 253.76193 | I32: 184.13476 | J32: 206.72257 | K32: 258.61902 | L32: 243.76356 | M32: 272.07607 | N32: 292.29564 | O32: 362.82854 | P32: 430.69083 | Q32: 447.00115 | R32: 409.62006 | S32: 509.30024 | T32: 616.34828 | U32: 587.44261 | V32: 546.14354 | W32: 463.32807 | X32: 491.63706 | Y32: 386.32908 | Z32: 268.69976 | AA32: 239.51641 | AB32: 262.22484 | AC32: 241.37973 | AD32: 271.1606 | AE32: 267.48957 | AF32: 267.82029 | AG32: 250.68157 | AH32: 217.49285 | AI32: 272.75931 | AJ32: 142.96546 | AK32: 134.32755 | AL32: 133.83828 | AM32: 138.18199 | AN32: 138.24424 | AO32: 102.6662 | AP32: 91.701083 | AQ32: 97.407193 | AR32: 111.97108 | AS32: 111.23935 | AT32: 124.0497 | AU32: 133.10027 | AV32: 158.72732 | AW32: 175.10427 | AX32: 198.49577 | AY32: 185.23224 | AZ32: 210.76918 | BA32: 244.85005 | BB32: 262.11507
A33: 53 | B33: Costa Rica | C33: 354.91343 | D33: 334.83701 | E33: 345.43898 | F33: 353.97241 | G33: 374.57482 | H33: 396.51187 | I33: 416.0359 | J33: 447.53099 | K33: 480.62707 | L33: 540.49005 | M33: 576.92957 | N33: 647.88818 | O33: 781.73842 | P33: 832.29113 | Q33: 955.55113 | R33: 1145.9019 | S33: 1421.0732 | T33: 1585.7453 | U33: 1766.8061 | V33: 2057.3121 | W33: 1086.5381 | X33: 1049.637 | Y33: 1557.1258 | Z33: 1749.6865 | AA33: 1777.4402 | AB33: 1975.5662 | AC33: 2050.8581 | AD33: 2073.5423 | AE33: 2287.8886 | AF33: 2404.8513 | AG33: 2269.5165 | AH33: 2651.4398 | AI33: 2909.8425 | AJ33: 3111.035 | AK33: 3370.2395 | AL33: 3320.5887 | AM33: 3507.082 | AN33: 3759.8811 | AO33: 4111.8326 | AP33: 4058.0446 | AQ33: 4087.119 | AR33: 4114.5669 | AS33: 4199.6948 | AT33: 4379.3911 | AU33: 4621.3641 | AV33: 5128.9204 | AW33: 5897.4982 | AX33: 6582.7363 | AY33: 6396.1541 | AZ33: 7783.4356 | BA33: 8669.3204 | BB33: 2524.6864
A34: 54 | B34: Cote D'Ivoire | C34: 171.63597 | D34: 172.51275 | E34: 195.64905 | F34: 227.44129 | G34: 217.96875 | H34: 232.7478 | I34: 235.86726 | J34: 267.24544 | K34: 271.67643 | L34: 277.66247 | M34: 288.67451 | N34: 321.76731 | O34: 416.58407 | P34: 486.71266 | Q34: 589.40454 | R34: 674.08057 | S34: 865.69783 | T34: 1043.8182 | U34: 1155.6067 | V34: 1231.0879 | W34: 977.10544 | X34: 840.35712 | Y34: 728.53253 | Z34: 700.16028 | AA34: 686.90963 | AB34: 868.61013 | AC34: 923.04088 | AD34: 906.22505 | AE34: 833.17449 | AF34: 891.05509 | AG34: 837.39531 | AH34: 861.16714 | AI34: 825.82882 | AJ34: 602.48139 | AK34: 773.70849 | AL34: 829.61385 | AM34: 779.29114 | AN34: 828.07599 | AO34: 794.59945 | AP34: 645.76568 | AQ34: 642.21522 | AR34: 688.85597 | AS34: 812.39764 | AT34: 902.98642 | AU34: 940.75214 | AV34: 983.29142 | AW34: 1102.8825 | AX34: 1282.2671 | AY34: 1238.7081 | AZ34: 1207.8451 | BA34: 1241.5611 | BB34: 716.0922
A35: 55 | B35: Croatia | AF35: 5184.553 | AG35: 4025.8229 | AH35: 2299.6599 | AI35: 2349.2501 | AJ35: 3135.137 | AK35: 4721.6979 | AL35: 5193.9043 | AM35: 5140.3491 | AN35: 5577.9606 | AO35: 5067.5585 | AP35: 4861.6775 | AQ35: 5191.902 | AR35: 5974.0758 | AS35: 7689.957 | AT35: 9237.1162 | AU35: 10090.367 | AV35: 11228.621 | AW35: 13376.009 | AX35: 15695.821 | AY35: 14053.782 | AZ35: 13326.506 | BA35: 14434.702 | BB35: 7629.8378
A36: 56 | B36: Cuba | L36: 653.23809 | M36: 779.5623 | N36: 901.3674 | O36: 1088.4403 | P36: 1224.4119 | Q36: 1380.2617 | R36: 1444.8734 | S36: 1474.6364 | T36: 1837.764 | U36: 2003.2947 | V36: 2024.679 | W36: 2038.2146 | X36: 2109.9967 | Y36: 2226.1186 | Z36: 2397.088 | AA36: 2270.1244 | AB36: 2378.9298 | AC36: 2451.2746 | AD36: 2641.2362 | AE36: 2572.8735 | AF36: 2702.1853 | AG36: 2275.9259 | AH36: 2052.9914 | AI36: 2066.9177 | AJ36: 2615.0188 | AK36: 2783.4433 | AL36: 2278.2853 | AM36: 2300.9459 | AN36: 2326.1744 | AO36: 2555.0687 | AP36: 2744.1245 | AQ36: 2835.0767 | AR36: 2995.8995 | AS36: 3192.4005 | AT36: 3388.767 | AU36: 3776.4705 | AV36: 4666.9882 | AW36: 5185.3823 | AX36: 5382.816 | BB36: 2410.853
A37: 57 | B37: Cyprus | Q37: 753.99575 | R37: 876.14792 | S37: 1104.2003 | T37: 1431.8929 | U37: 1895.1094 | V37: 3143.1171 | W37: 3028.9874 | X37: 3121.5961 | Y37: 3112.5847 | Z37: 3265.2908 | AA37: 3453.7957 | AB37: 4338.8473 | AC37: 5121.5321 | AD37: 5809.8115 | AE37: 6076.1611 | AF37: 7293.3081 | AG37: 7368.0466 | AH37: 8633.0658 | AI37: 8048.5814 | AJ37: 8870.0496 | AK37: 10813.96 | AL37: 10703.391 | AM37: 9998.0063 | AN37: 10520.989 | AO37: 10563.283 | AP37: 9874.9771 | AQ37: 10067.079 | AR37: 10774.175 | AS37: 13344.339 | AT37: 15570.644 | AU37: 16461.391 | AV37: 17586.111 | AW37: 20545.498 | AX37: 23509.216 | AY37: 21587.81 | AZ37: 20959.287 | BA37: 22384.045 | BB37: 9243.5221
A38: 58 | B38: Czech Republic | AF38: 3786.861 | AG38: 2782.9627 | AH38: 3240.5333 | AI38: 3800.9604 | AJ38: 4448.8747 | AK38: 5595.6158 | AL38: 6291.1385 | AM38: 5770.8877 | AN38: 6203.7131 | AO38: 6044.9811 | AP38: 5724.8249 | AQ38: 6288.8043 | AR38: 7685.0888 | AS38: 9335.6668 | AT38: 11156.665 | AU38: 12705.608 | AV38: 14445.725 | AW38: 17467.432 | AX38: 21627.162 | AY38: 18805.651 | AZ38: 18866.855 | BA38: 20580.178 | BB38: 9666.1904
A39: 59 | B39: Denmark | C39: 1503.537 | D39: 1681.0299 | E39: 1775.3704 | F39: 2013.2431 | G39: 2243.9316 | H39: 2443.2598 | I39: 2644.7866 | J39: 2712.6124 | K39: 3068.2367 | L39: 3366.0684 | M39: 3730.6218 | N39: 4525.8175 | O39: 5966.2772 | P39: 6609.4362 | Q39: 7824.9756 | R39: 8610.2059 | S39: 9601.1703 | T39: 11617.036 | U39: 13516.415 | V39: 13607.065 | W39: 11788.173 | X39: 11516.09 | Y39: 11576.334 | Z39: 11290.864 | AA39: 11968.616 | AB39: 16866.496 | AC39: 20941.26 | AD39: 22074.36 | AE39: 21443.039 | AF39: 26422.829 | AG39: 26520.386 | AH39: 29043.656 | AI39: 27102.854 | AJ39: 29502.095 | AK39: 34773.675 | AL39: 35043.365 | AM39: 32248.959 | AN39: 32738.683 | AO39: 32685.319 | AP39: 29980.155 | AQ39: 29946.382 | AR39: 32344.32 | AS39: 39443.268 | AT39: 45282.068 | AU39: 47546.595 | AV39: 50462.234 | AW39: 57021.173 | AX39: 62596.489 | AY39: 56226.58 | AZ39: 56485.894 | BA39: 59889.005 | BB39: 21996.712
A40: 62 | B40: Dominican Republic | C40: 190.99477 | D40: 232.77563 | E40: 257.17113 | F40: 271.45845 | G40: 227.74691 | H40: 244.61665 | I40: 249.58371 | J40: 252.65362 | K40: 279.84817 | L40: 328.34379 | M40: 358.23439 | N40: 415.72852 | O40: 477.58873 | P40: 580.59415 | Q40: 696.36198 | R40: 745.754 | S40: 844.99594 | T40: 858.81347 | U40: 966.13963 | V40: 1138.2294 | W40: 1218.8728 | X40: 1305.4914 | Y40: 1381.6467 | Z40: 1618.7784 | AA40: 773.27024 | AB40: 918.35198 | AC40: 855.68643 | AD40: 772.84493 | AE40: 941.90483 | AF40: 976.3355 | AG40: 1315.4582 | AH40: 1495.6319 | AI40: 1687.8352 | AJ40: 1852.2428 | AK40: 2050.4595 | AL40: 2233.3752 | AM40: 2373.0951 | AN40: 2522.6274 | AO40: 2545.6548 | AP40: 2769.8823 | AQ40: 2829.1924 | AR40: 2973.6571 | AS40: 2344.5339 | AT40: 2393.6463 | AU40: 3639.3788 | AV40: 3787.4535 | AW40: 4287.8007 | AX40: 4688.3553 | AY40: 4725.7074 | AZ40: 5156.7285 | BA40: 5485.8847 | BB40: 1638.0278
A41: 63 | B41: Ecuador | C41: 210.80212 | D41: 200.56206 | E41: 211.0881 | F41: 228.32384 | G41: 457.92407 | H41: 452.67587 | I41: 462.19519 | J41: 453.99911 | K41: 531.60022 | L41: 475.12304 | M41: 444.316 | N41: 499.65823 | O41: 593.50359 | P41: 978.9128 | Q41: 1115.8924 | R41: 1277.1194 | S41: 1507.8655 | T41: 1587.783 | U41: 1839.045 | V41: 2260.7837 | W41: 2688.3064 | X41: 2395.602 | Y41: 2011.1272 | Z41: 1934.4593 | AA41: 1913.5239 | AB41: 1666.9372 | AC41: 1480.8735 | AD41: 1352.4001 | AE41: 1404.9779 | AF41: 1505.3231 | AG41: 1639.6864 | AH41: 1707.2634 | AI41: 1747.6702 | AJ41: 2050.3182 | AK41: 2159.1385 | AL41: 2182.7068 | AM41: 2386.7092 | AN41: 2323.5562 | AO41: 1598.8341 | AP41: 1462.3202 | AQ41: 1914.4492 | AR41: 2191.0096 | AS41: 2442.269 | AT41: 2704.6652 | AU41: 3012.7524 | AV41: 3337.4004 | AW41: 3574.8779 | AX41: 4255.852 | AY41: 4236.7776 | AZ41: 4500.5916 | BA41: 5035.2425 | BB41: 1776.6038
A42: 64 | B42: Egypt | C42: 150.56184 | D42: 135.29018 | E42: 136.81259 | F42: 153.05425 | G42: 159.32016 | H42: 162.11282 | I42: 165.06992 | J42: 176.25626 | K42: 193.23104 | L42: 211.39275 | M42: 222.49023 | N42: 230.96223 | O42: 248.27746 | P42: 228.03582 | Q42: 283.4053 | R42: 324.18497 | S42: 347.70143 | T42: 345.30036 | U42: 412.95661 | V42: 509.93756 | W42: 509.41497 | X42: 544.61826 | Y42: 585.31902 | Z42: 622.94395 | AA42: 689.01563 | AB42: 696.09574 | AC42: 767.53224 | AD42: 648.83995 | AE42: 718.17451 | AF42: 765.58409 | AG42: 644.22562 | AH42: 717.0631 | AI42: 785.37138 | AJ42: 861.63669 | AK42: 983.50206 | AL42: 1088.6318 | AM42: 1243.1688 | AN42: 1323.7036 | AO42: 1393.4532 | AP42: 1509.581 | AQ42: 1452.7667 | AR42: 1286.1923 | AS42: 1194.3068 | AT42: 1116.9252 | AU42: 1249.4933 | AV42: 1472.5705 | AW42: 1757.7605 | AX42: 2156.763 | AY42: 2461.5309 | AZ42: 2803.533 | BA42: 2972.3667 | BB42: 819.96937
A43: 65 | B43: El Salvador | C43: 222.55033 | D43: 239.29513 | E43: 244.90188 | F43: 261.51029 | AF43: 898.33549 | AG43: 978.93268 | AH43: 1080.4795 | AI43: 1239.5193 | AJ43: 1424.0789 | AK43: 1652.8305 | AL43: 1776.4744 | AM43: 1901.6715 | AN43: 2037.0452 | AO43: 2102.3877 | AP43: 2204.1621 | AQ43: 2307.7785 | AR43: 2381.1529 | AS43: 2495.5692 | AT43: 2611.1611 | AU43: 2814.935 | AV43: 3042.7484 | AW43: 3283.5306 | AX43: 3483.7094 | AY43: 3341.3202 | AZ43: 3444.4561 | BA43: 3698.5462 | BB43: 1968.0416
A44: 67 | B44: Eritrea | AH44: 143.19129 | AI44: 139.88897 | AJ44: 157.96164 | AK44: 169.61488 | AL44: 199.67068 | AM44: 192.81641 | AN44: 203.23201 | AO44: 181.51558 | AP44: 179.3116 | AQ44: 183.43252 | AR44: 170.33946 | AS44: 194.57603 | AT44: 237.71274 | AU44: 226.28986 | AV44: 240.54682 | AW44: 252.97763 | AX44: 256.43757 | AY44: 334.06489 | AZ44: 368.74776 | BA44: 439.54237 | BB44: 223.59354
A45: 68 | B45: Estonia | AK45: 2629.0195 | AL45: 3339.8594 | AM45: 3609.8261 | AN45: 4035.5644 | AO45: 4150.0337 | AP45: 4143.9303 | AQ45: 4572.9123 | AR45: 5386.3902 | AS45: 7270.2834 | AT45: 8912.7939 | AU45: 10330.282 | AV45: 12503.095 | AW45: 16392.724 | AX45: 17738.482 | AY45: 14263.986 | AZ45: 14062.233 | BA45: 16534.221 | BB45: 8816.2139
A46: 69 | B46: Ethiopia | W46: 201.39235 | X46: 206.1171 | Y46: 222.23978 | Z46: 203.44441 | AA46: 230.73575 | AB46: 232.15022 | AC46: 240.29009 | AD46: 241.02243 | AE46: 245.2717 | AF46: 251.49634 | AG46: 268.60482 | AH46: 202.09663 | AI46: 164.24114 | AJ46: 124.55029 | AK46: 133.37785 | AL46: 144.22964 | AM46: 146.7514 | AN46: 129.41342 | AO46: 121.99507 | AP46: 123.88691 | AQ46: 120.20258 | AR46: 111.38262 | AS46: 118.87837 | AT46: 135.74312 | AU46: 161.57347 | AV46: 193.69236 | AW46: 243.12006 | AX46: 325.10503 | AY46: 379.41661 | AZ46: 341.07722 | BA46: 354.71262 | BB46: 203.81327
A47: 73 | B47: Finland | C47: 1327.4272 | D47: 1411.7024 | E47: 1522.3192 | F47: 1707.5039 | G47: 1882.0869 | H47: 2010.2135 | I47: 2034.189 | J47: 1907.0773 | K47: 2178.0353 | L47: 2436.3417 | M47: 2683.9092 | N47: 3139.8805 | O47: 4123.5765 | P47: 5234.6478 | Q47: 6181.2001 | R47: 6659.5923 | S47: 6985.0922 | T47: 7538.1504 | U47: 9221.3352 | V47: 11090.546 | W47: 10789.899 | X47: 10809.583 | Y47: 10355.688 | Z47: 10675.999 | AA47: 11215.329 | AB47: 14704.697 | AC47: 18257.045 | AD47: 21668.467 | AE47: 23526.66 | AF47: 27852.292 | AG47: 24991.462 | AH47: 21850.734 | AI47: 17240.233 | AJ47: 19776.736 | AK47: 25609.138 | AL47: 25037.854 | AM47: 23928.211 | AN47: 25179.6 | AO47: 25229.596 | AP47: 23529.538 | AQ47: 24025.118 | AR47: 25993.84 | AS47: 31508.875 | AT47: 36162.656 | AU47: 37318.797 | AV47: 39487.054 | AW47: 46538.171 | AX47: 51186.485 | AY47: 44837.711 | AZ47: 43863.967 | BA47: 48842.962 | BB47: 17711.161
A48: 74 | B48: France | C48: 1445.1519 | D48: 1590.1965 | E48: 1756.8041 | F48: 1922.6976 | G48: 2045.4421 | H48: 2193.0613 | I48: 2350.344 | J48: 2537.3135 | K48: 2731.5404 | L48: 2821.8304 | M48: 3128.7385 | N48: 3807.6387 | O48: 4911.3579 | P48: 5257.7238 | Q48: 6581.1682 | R48: 6760.2273 | S48: 7429.3853 | T48: 9129.9294 | U48: 11003.863 | V48: 12500.291 | W48: 10903.854 | X48: 10294.32 | Y48: 9801.3415 | Z48: 9235.0389 | AA48: 9564.1674 | AB48: 13271.242 | AC48: 15968.196 | AD48: 17319.952 | AE48: 17328.284 | AF48: 21300.821 | AG48: 21268.248 | AH48: 23330.266 | AI48: 21944.036 | AJ48: 23059.246 | AK48: 26403.141 | AL48: 26321.727 | AM48: 23705.839 | AN48: 24405.89 | AO48: 24075.043 | AP48: 21774.945 | AQ48: 21812.191 | AR48: 23494.408 | AS48: 28794.071 | AT48: 32784.838 | AU48: 33818.969 | AV48: 35457.046 | AW48: 40341.915 | AX48: 43991.7 | AY48: 40487.894 | AZ48: 39186.022 | BA48: 42521.813 | BB48: 16585.709
A49: 78 | B49: Gabon | C49: 332.77204 | D49: 358.88339 | E49: 299.51847 | F49: 412.20378 | G49: 425.78278 | H49: 453.68527 | I49: 490.95039 | J49: 521.10951 | K49: 551.11245 | L49: 549.59557 | M49: 635.41228 | N49: 703.45652 | O49: 1159.4637 | P49: 2430.619 | Q49: 3328.7249 | R49: 4545.6893 | S49: 4150.7516 | T49: 3450.3372 | U49: 4273.4245 | V49: 5891.1341 | W49: 5186.8717 | X49: 4737.8511 | Y49: 4328.2181 | Z49: 4427.9093 | AA49: 4043.358 | AB49: 4010.6312 | AC49: 3762.8469 | AD49: 4277.5316 | AE49: 4543.9573 | AF49: 6287.3929 | AG49: 5555.4788 | AH49: 5598.9808 | AI49: 4269.5204 | AJ49: 3980.7473 | AK49: 4589.4967 | AL49: 5135.7899 | AM49: 4683.2785 | AN49: 3843.3958 | AO49: 3899.0866 | AP49: 4135.2541 | AQ49: 3754.3639 | AR49: 3836.7967 | AS49: 4601.6045 | AT49: 5328.4852 | AU49: 6281.9547 | AV49: 6756.2712 | AW49: 7994.3048 | AX49: 10609.542 | AY49: 7948.9864 | AZ49: 9342.7146 | BA49: 11788.549 | BB49: 4009.9176
A50: 79 | B50: Gambia | H50: 108.31464 | I50: 112.15541 | J50: 96.731364 | K50: 103.64404 | L50: 116.91945 | M50: 121.09844 | N50: 124.66984 | O50: 153.48828 | P50: 189.50299 | Q50: 221.04465 | R50: 209.15164 | S50: 250.24895 | T50: 302.61463 | U50: 353.94498 | V50: 398.89924 | W50: 349.79717 | X50: 333.30741 | Y50: 317.05153 | Z50: 252.94776 | AA50: 308.33059 | AB50: 242.16993 | AC50: 274.36532 | AD50: 316.31462 | AE50: 322.4441 | AF50: 345.85502 | AG50: 727.04199 | AH50: 729.07936 | AI50: 748.86876 | AJ50: 720.15084 | AK50: 737.51145 | AL50: 773.99049 | AM50: 713.08194 | AN50: 724.83938 | AO50: 682.83857 | AP50: 637.10427 | AQ50: 542.68218 | AR50: 442.52691 | AS50: 361.15784 | AT50: 415.81397 | AU50: 434.49544 | AV50: 441.91966 | AW50: 522.33992 | AX50: 612.02858 | AY50: 553.09935 | AZ50: 566.33533 | BA50: 517.75243 | BB50: 402.81893
A51: 80 | B51: Georgia | AF51: 1611.4108 | AG51: 1310.4726 | AH51: 757.38394 | AI51: 550.01539 | AJ51: 517.08711 | AK51: 569.01814 | AL51: 670.4611 | AM51: 774.68021 | AN51: 805.27269 | AO51: 628.86566 | AP51: 691.99771 | AQ51: 733.97041 | AR51: 779.38459 | AS51: 922.02974 | AT51: 1186.873 | AU51: 1469.9746 | AV51: 1764.8704 | AW51: 2317.9885 | AX51: 2919.6901 | AY51: 2440.9613 | AZ51: 2613.6814 | BA51: 3219.5585 | BB51: 1329.8022
A52: 81 | B52: Germany | L52: 2672.0183 | M52: 3089.0707 | N52: 3686.9703 | O52: 4883.8128 | P52: 5457.0113 | Q52: 6035.0084 | R52: 6420.6403 | S52: 7434.8978 | T52: 9175.9005 | U52: 10916.798 | V52: 11746.404 | W52: 9879.4574 | X52: 9593.6573 | Y52: 9545.8593 | Z52: 9012.4794 | AA52: 9125.121 | AB52: 13027.195 | AC52: 16139.052 | AD52: 17352.343 | AE52: 17190.826 | AF52: 21583.844 | AG52: 22603.616 | AH52: 25604.725 | AI52: 24735.62 | AJ52: 26375.846 | AK52: 30887.865 | AL52: 29749.971 | AM52: 26296.531 | AN52: 26547.775 | AO52: 25956.637 | AP52: 22945.709 | AQ52: 22840.274 | AR52: 24325.666 | AS52: 29367.409 | AT52: 33040.051 | AU52: 33542.781 | AV52: 35237.603 | AW52: 40402.99 | AX52: 44132.042 | AY52: 40275.251 | AZ52: 40163.817 | BA52: 44021.22 | BB52: 20310.042
A53: 82 | B53: Ghana | C53: 189.66592 | D53: 195.11354 | E53: 211.00063 | F53: 230.46171 | G53: 266.38399 | H53: 269.52334 | I53: 216.8797 | J53: 202.78144 | K53: 233.61174 | L53: 257.68158 | M53: 273.87272 | N53: 232.56875 | O53: 263.69608 | P53: 301.36703 | Q53: 285.82286 | R53: 275.87902 | S53: 313.00095 | T53: 353.69839 | U53: 381.02131 | V53: 411.50005 | W53: 379.7798 | X53: 351.30176 | Y53: 341.06952 | Z53: 358.37799 | AA53: 354.20163 | AB53: 437.06757 | AC53: 376.44323 | AD53: 375.20947 | AE53: 368.98491 | AF53: 402.57704 | AG53: 438.94888 | AH53: 414.69791 | AI53: 375.23142 | AJ53: 333.32991 | AK53: 385.68213 | AL53: 403.80474 | AM53: 392.26167 | AN53: 416.39174 | AO53: 419.82071 | AP53: 264.6927 | AQ53: 275.47627 | AR53: 311.63962 | AS53: 375.96487 | AT53: 426.26351 | AU53: 501.86429 | AV53: 929.94638 | AW53: 1099.0863 | AX53: 1234.4385 | AY53: 1096.5037 | AZ53: 1326.0661 | BA53: 1594.0308 | BB53: 433.85659
A54: 84 | B54: Greece | C54: 597.28732 | D54: 630.61394 | E54: 701.62042 | F54: 784.95435 | G54: 888.922 | H54: 981.65239 | I54: 1052.121 | J54: 1134.3562 | K54: 1284.2123 | L54: 1424.9945 | M54: 1575.5991 | N54: 1811.462 | O54: 2386.5937 | P54: 2697.3927 | Q54: 3006.8117 | R54: 3233.1021 | S54: 3705.9066 | T54: 4476.6337 | U54: 5440.9879 | V54: 5619.9837 | W54: 5130.4296 | X54: 5320.1574 | Y54: 4786.7756 | Z54: 4627.232 | AA54: 4590.1817 | AB54: 5393.8399 | AC54: 6260.0375 | AD54: 7245.206 | AE54: 7482.3098 | AF54: 9190.3437 | AG54: 9775.5408 | AH54: 10687.473 | AI54: 9914.1105 | AJ54: 10536.048 | AK54: 12273.609 | AL54: 12888.819 | AM54: 12495.065 | AN54: 12485.062 | AO54: 12238.593 | AP54: 11396.233 | AQ54: 11857.736 | AR54: 13292.349 | AS54: 17494.441 | AT54: 20607.176 | AU54: 21620.717 | AV54: 23475.281 | AW54: 27288.326 | AX54: 30398.782 | AY54: 28451.917 | AZ54: 25850.502 | BA54: 25630.795 | BB54: 9100.398
A55: 89 | B55: Guatemala | C55: 253.14471 | D55: 261.7441 | E55: 281.35819 | F55: 281.77022 | G55: 281.12561 | H55: 285.88785 | I55: 290.92116 | J55: 313.84181 | K55: 325.42565 | L55: 351.57589 | M55: 356.65121 | N55: 367.40413 | O55: 437.17687 | P55: 523.81315 | Q55: 588.59731 | R55: 687.2244 | S55: 841.89001 | T55: 910.27485 | U55: 1010.3067 | V55: 1125.3516 | W55: 1199.4002 | X55: 1184.7404 | Y55: 1199.7334 | Z55: 1224.9053 | AA55: 1227.5009 | AB55: 891.85471 | AC55: 853.6378 | AD55: 923.45479 | AE55: 968.05848 | AF55: 860.49972 | AG55: 1033.7947 | AH55: 1121.1143 | AI55: 1195.8965 | AJ55: 1330.7406 | AK55: 1468.0611 | AL55: 1544.9988 | AM55: 1702.3231 | AN55: 1814.0033 | AO55: 1674.0299 | AP55: 1721.729 | AQ55: 1629.3094 | AR55: 1765.8596 | AS55: 1816.9512 | AT55: 1937.7157 | AU55: 2146.1791 | AV55: 2326.2994 | AW55: 2561.4419 | AX55: 2867.4829 | AY55: 2697.3925 | AZ55: 2882.4002 | BA55: 3242.6908 | BB55: 1191.9546
A56: 91 | B56: Guinea | AB56: 368.89639 | AC56: 380.66601 | AD56: 430.69564 | AE56: 422.89831 | AF56: 442.95118 | AG56: 474.65436 | AH56: 487.74981 | AI56: 459.50291 | AJ56: 450.2522 | AK56: 471.31196 | AL56: 477.96804 | AM56: 456.07167 | AN56: 424.29729 | AO56: 402.43204 | AP56: 342.47852 | AQ56: 318.53067 | AR56: 326.07995 | AS56: 374.42684 | AT56: 390.88456 | AU56: 306.70118 | AV56: 287.92299 | AW56: 418.96545 | AX56: 366.29936 | AY56: 393.14214 | AZ56: 435.44889 | BA56: 456.55251 | BB56: 406.45311
A57: 92 | B57: Guinea-Bissau | L57: 115.28178 | M57: 112.4197 | N57: 122.0066 | O57: 120.60805 | P57: 129.69225 | Q57: 140.06723 | R57: 142.36022 | S57: 144.30449 | T57: 152.94634 | U57: 146.62176 | V57: 135.22734 | W57: 185.94435 | X57: 194.89465 | Y57: 188.25643 | Z57: 155.66562 | AA57: 158.02545 | AB57: 139.88221 | AC57: 182.63652 | AD57: 169.01875 | AE57: 214.25371 | AF57: 239.79319 | AG57: 247.08982 | AH57: 212.56261 | AI57: 217.47448 | AJ57: 211.46081 | AK57: 222.84309 | AL57: 232.02737 | AM57: 225.35648 | AN57: 169.45863 | AO57: 180.20172 | AP57: 169.2096 | AQ57: 152.89792 | AR57: 152.99574 | AS57: 349.28415 | AT57: 375.79463 | AU57: 402.98805 | AV57: 398.24718 | AW57: 465.34026 | AX57: 555.65947 | AY57: 536.80281 | AZ57: 526.52102 | BA57: 595.82925 | BB57: 235.47504
A58: 94 | B58: Haiti | AG58: 479.16281 | AH58: 285.33043 | AI58: 239.40224 | AJ58: 276.28829 | AK58: 343.8909 | AL58: 371.9692 | AM58: 398.53971 | AN58: 453.49275 | AO58: 484.82613 | AP58: 427.18628 | AQ58: 402.28011 | AR58: 362.84028 | AS58: 314.1851 | AT58: 400.93217 | AU58: 448.58483 | AV58: 519.74914 | AW58: 627.65018 | AX58: 664.82027 | AY58: 662.58606 | AZ58: 670.40329 | BA58: 732.20934 | BB58: 455.5395
A59: 97 | B59: Honduras | C59: 172.15339 | D59: 181.25868 | E59: 185.51483 | F59: 200.1959 | G59: 216.2042 | H59: 227.2301 | I59: 240.55941 | J59: 253.42842 | K59: 254.96048 | L59: 268.64251 | M59: 264.23804 | N59: 282.22366 | O59: 311.62584 | P59: 343.04868 | Q59: 361.6782 | R59: 420.60855 | S59: 504.8405 | T59: 565.26851 | U59: 639.03539 | V59: 705.74737 | W59: 751.69628 | X59: 750.58541 | Y59: 771.48653 | Z59: 807.26289 | AA59: 858.87539 | AB59: 872.21027 | AC59: 923.19752 | AD59: 857.24325 | AE59: 747.53041 | AF59: 621.75498 | AG59: 608.60677 | AH59: 660.01767 | AI59: 654.5291 | AJ59: 628.96055 | AK59: 699.40963 | AL59: 704.80286 | AM59: 796.75684 | AN59: 869.91362 | AO59: 879.67986 | AP59: 1139.5192 | AQ59: 1188.7595 | AR59: 1197.1484 | AS59: 1242.2656 | AT59: 1311.8238 | AU59: 1408.1302 | AV59: 1550.9514 | AW59: 1721.5523 | AX59: 1896.1751 | AY59: 1952.3452 | AZ59: 2077.7869 | BA59: 2277.0161 | BB59: 784.83247
A60: 98 | B60: Hong Kong
